t_sec,x_paper,y_paper
7.833,0.3547,-0.0698
8.000,0.3546,-0.0681
8.167,0.3528,-0.0666
8.333,0.3509,-0.0634
8.667,0.3488,-0.0585
8.833,0.3452,-0.0555
9.167,0.3433,-0.0523
9.833,0.3536,-0.0364
10.000,0.3853,-0.0357
10.500,0.4885,-0.0496
10.667,0.5223,-0.0537
10.833,0.5576,-0.0560
11.167,0.6164,-0.0582
11.333,0.6182,-0.0597
11.500,0.6198,-0.0596
11.833,0.6768,-0.0603
12.000,0.7172,-0.0622
12.167,0.7508,-0.0630
12.500,0.8231,-0.0659
12.833,0.8915,-0.0624
13.500,1.0224,-0.0625
13.667,1.0627,-0.0627
13.833,1.0994,-0.0600
14.000,1.1246,-0.0597
14.333,1.1734,-0.0610
14.500,1.2372,-0.0595
15.000,1.3394,-0.0551
15.167,1.3678,-0.0530
15.333,1.3932,-0.0544
15.500,1.4151,-0.0544
15.667,1.4369,-0.0544
15.833,1.4539,-0.0565
16.000,1.4740,-0.0550
16.167,1.4841,-0.0542
16.333,1.4977,-0.0565
16.500,1.5146,-0.0569
16.667,1.5248,-0.0578
16.833,1.5366,-0.0586
17.000,1.5435,-0.0597
17.333,1.5571,-0.0621
17.667,1.5741,-0.0641
17.833,1.5808,-0.0636
18.000,1.5911,-0.0662
18.167,1.5995,-0.0656
18.333,1.6065,-0.0684
18.500,1.6150,-0.0694
18.667,1.6167,-0.0693
18.833,1.6217,-0.0689
19.000,1.6252,-0.0703
19.333,1.6307,-0.0766
19.500,1.6307,-0.0766
19.667,1.6307,-0.0766
19.833,1.6307,-0.0766
20.000,1.6307,-0.0766
20.167,1.6307,-0.0766
20.333,1.6307,-0.0766
20.500,1.6291,-0.0767
20.667,1.6291,-0.0767
20.833,1.6307,-0.0766
21.000,1.6307,-0.0766
21.167,1.6307,-0.0766
21.500,1.6307,-0.0766
21.667,1.6323,-0.0748
21.833,1.6323,-0.0748
22.167,1.6307,-0.0766
22.667,1.6307,-0.0766
22.833,1.6291,-0.0767
24.000,1.6375,-0.0979
24.167,1.6392,-0.0978
28.667,1.7067,-0.0994
29.000,1.7063,-0.0944
29.167,1.7080,-0.0942
29.333,1.7108,-0.0873
29.667,1.6930,-0.0752
29.833,1.6672,-0.0688
30.000,1.6250,-0.0687
30.167,1.5913,-0.0679
30.333,1.5543,-0.0690
30.500,1.5271,-0.0660
30.667,1.4902,-0.0671
31.000,1.4241,-0.0621
31.167,1.3906,-0.0646
31.333,1.3553,-0.0640
31.500,1.3300,-0.0642
31.667,1.2812,-0.0629
32.000,1.2205,-0.0608
32.333,1.1431,-0.0600
32.667,1.0726,-0.0603
32.833,1.0457,-0.0607
33.167,0.9788,-0.0624
33.500,0.9048,-0.0613
33.667,0.8680,-0.0625
33.833,0.8346,-0.0633
34.000,0.7975,-0.0611
34.167,0.7707,-0.0615
34.333,0.7308,-0.0646
34.500,0.6955,-0.0639
34.833,0.6301,-0.0622
35.000,0.5934,-0.0633
35.167,0.5666,-0.0637
35.333,0.5346,-0.0611
35.500,0.4896,-0.0628
35.833,0.4277,-0.0625
36.000,0.4011,-0.0646
36.167,0.3828,-0.0660
36.500,0.3326,-0.0648
36.667,0.3178,-0.0676
36.833,0.2994,-0.0673
37.000,0.2863,-0.0700
37.167,0.2728,-0.0693
37.333,0.2630,-0.0717
38.000,0.2280,-0.0727
38.167,0.2199,-0.0750
38.333,0.2117,-0.0773
38.833,0.1869,-0.0792
39.000,0.1802,-0.0797
39.333,0.1603,-0.0812
39.500,0.1587,-0.0814
39.833,0.1554,-0.0816
40.167,0.1473,-0.0856
40.333,0.1473,-0.0856
40.500,0.1489,-0.0838
40.667,0.1489,-0.0838
40.833,0.1473,-0.0856
41.000,0.1473,-0.0856
41.167,0.1473,-0.0856
41.500,0.1469,-0.0806
41.833,0.1464,-0.0740
43.167,0.1332,-0.0566
43.333,0.1280,-0.0537
43.500,0.1277,-0.0503
43.667,0.1242,-0.0489
43.833,0.1209,-0.0492
44.000,0.1208,-0.0475
44.167,0.1141,-0.0480
44.333,0.1107,-0.0466
44.667,0.1059,-0.0487
44.833,0.1042,-0.0488
45.000,0.1025,-0.0489
45.167,0.1025,-0.0489
45.333,0.1025,-0.0489
45.500,0.1025,-0.0489
45.833,0.1042,-0.0488
46.000,0.1025,-0.0489
46.167,0.1025,-0.0489
46.333,0.1077,-0.0502
46.500,0.1110,-0.0499
46.667,0.1107,-0.0466
46.833,0.1173,-0.0461
47.000,0.1222,-0.0441
47.333,0.1259,-0.0488
47.833,0.1360,-0.0497
48.000,0.1396,-0.0528
48.167,0.1414,-0.0543
48.500,0.1451,-0.0590
48.833,0.1472,-0.0639
49.667,0.1536,-0.0801
49.833,0.1522,-0.0835
50.000,0.1541,-0.0867
50.667,0.1543,-0.0884
50.833,0.1544,-0.0900
51.000,0.1544,-0.0900
51.167,0.1512,-0.0919
55.167,0.1106,-0.0850
55.333,0.1162,-0.0729
55.500,0.1171,-0.0628
56.000,0.1233,-0.0574
56.167,0.1260,-0.0505
56.333,0.1288,-0.0436
56.667,0.1340,-0.0265
57.000,0.1415,-0.0159
57.167,0.1453,-0.0022
57.333,0.1466,0.0029
57.500,0.1508,0.0115
57.667,0.1519,0.0183
57.833,0.1519,0.0183
58.000,0.1519,0.0183
58.167,0.1519,0.0183
58.333,0.1519,0.0183
58.500,0.1519,0.0183
58.667,0.1535,0.0201
59.000,0.1543,0.0302
59.333,0.1493,0.0298
59.500,0.1472,0.0346
60.000,0.1418,0.0392
60.167,0.1398,0.0441
60.500,0.1359,0.0505
60.833,0.1323,0.0535
61.167,0.1435,0.0594
61.333,0.1762,0.0669
61.500,0.2111,0.0696
62.000,0.3226,0.0748
62.167,0.3428,0.0730
62.667,0.4813,0.0770
62.833,0.5148,0.0762
63.000,0.5499,0.0772
63.333,0.6102,0.0768
63.500,0.6153,0.0755
63.833,0.6185,0.0774
64.167,0.6973,0.0768
64.500,0.7661,0.0753
64.833,0.8351,0.0723
65.167,0.9074,0.0711
65.333,0.9395,0.0685
65.500,0.9731,0.0677
65.667,1.0084,0.0671
65.833,1.0337,0.0657
66.000,1.0690,0.0650
66.333,1.1499,0.0628
66.667,1.2090,0.0590
67.000,1.2848,0.0580
67.167,1.3185,0.0573
67.333,1.3555,0.0567
67.500,1.3843,0.0556
67.667,1.4128,0.0561
68.000,1.4586,0.0529
68.167,1.4788,0.0527
68.333,1.4958,0.0507
68.500,1.5110,0.0502
68.667,1.5279,0.0498
68.833,1.5397,0.0490
69.000,1.5501,0.0464
69.167,1.5619,0.0456
69.333,1.5704,0.0446
69.833,1.5945,0.0381
70.167,1.6116,0.0360
70.333,1.6183,0.0365
70.500,1.6286,0.0340
70.667,1.6336,0.0343
70.833,1.6423,0.0316
71.000,1.6526,0.0291
71.167,1.6526,0.0291
71.500,1.6596,0.0262
71.667,1.6596,0.0262
71.833,1.6596,0.0262
72.000,1.6596,0.0262
72.167,1.6596,0.0262
72.333,1.6596,0.0262
72.500,1.6596,0.0262
72.667,1.6596,0.0262
72.833,1.6596,0.0262
73.000,1.6596,0.0262
73.167,1.6596,0.0262
73.333,1.6596,0.0262
73.500,1.6596,0.0262
73.667,1.6596,0.0262
73.833,1.6596,0.0262
74.000,1.6596,0.0262
74.167,1.6596,0.0262
74.333,1.6596,0.0262
74.500,1.6596,0.0262
74.667,1.6596,0.0262
74.833,1.6596,0.0262
75.000,1.6596,0.0262
75.167,1.6596,0.0262
75.333,1.6596,0.0262
75.500,1.6596,0.0262
75.667,1.6596,0.0262
75.833,1.6596,0.0262
76.000,1.6596,0.0262
76.167,1.6596,0.0262
76.333,1.6596,0.0262
76.500,1.6596,0.0262
76.667,1.6596,0.0262
76.833,1.6596,0.0262
77.000,1.6596,0.0262
77.167,1.6596,0.0262
77.333,1.6596,0.0262
77.667,1.6650,0.0216
78.333,1.6635,0.0198
78.500,1.6618,0.0197
78.667,1.6620,0.0164
79.167,1.6643,0.0098
79.333,1.6679,0.0067
79.500,1.6665,0.0033
79.667,1.6716,0.0020
79.833,1.6701,0.0002
80.167,1.6738,-0.0046
81.000,1.6896,-0.0117
81.167,1.6897,-0.0134
82.167,1.7013,0.0110
82.667,1.7004,0.0428
82.833,1.6999,0.0495
84.833,1.6922,0.1244
85.167,1.6916,0.1311
85.333,1.6916,0.1311
85.500,1.6916,0.1311
85.667,1.6916,0.1311
85.833,1.6916,0.1311
86.000,1.6946,0.1364
86.500,1.6992,0.1418
87.500,1.7158,0.1447
87.833,1.7206,0.1484
88.333,1.7266,0.1573
88.500,1.7285,0.1557
88.667,1.7296,0.1626
88.833,1.7313,0.1627
89.000,1.7326,0.1678
89.333,1.6738,0.1852
89.500,1.6397,0.1893
89.667,1.6056,0.1934
90.000,1.5363,0.1964
90.167,1.5040,0.1990
90.500,1.4411,0.2059
90.833,1.3667,0.2103
91.000,1.3465,0.2104
91.167,1.3430,0.2118
91.333,1.3412,0.2133
91.500,1.3126,0.2128
91.667,1.2752,0.2167
91.833,1.2482,0.2179
92.000,1.2061,0.2181
92.167,1.1857,0.2215
92.500,1.1031,0.2235
92.667,1.0758,0.2281
92.833,1.0135,0.2301
93.000,0.9781,0.2324
93.167,0.9411,0.2329
93.333,0.9071,0.2369
93.500,0.8753,0.2362
93.667,0.8399,0.2385
93.833,0.8061,0.2409
94.000,0.7726,0.2400
94.167,0.7389,0.2424
94.500,0.6717,0.2439
94.667,0.6365,0.2445
94.833,0.6029,0.2453
95.000,0.5693,0.2461
95.167,0.5323,0.2482
95.333,0.5037,0.2494
95.667,0.4484,0.2501
95.833,0.4348,0.2524
96.000,0.4149,0.2509
96.167,0.3931,0.2509
96.333,0.3764,0.2512
96.500,0.3596,0.2516
96.667,0.3463,0.2506
97.000,0.3264,0.2490
97.167,0.3179,0.2501
97.333,0.3096,0.2494
98.000,0.2796,0.2488
98.333,0.2616,0.2440
98.500,0.2530,0.2467
98.833,0.2397,0.2457
99.167,0.2335,0.2402
99.500,0.2268,0.2397
99.667,0.2255,0.2362
99.833,0.2259,0.2312
100.167,0.2260,0.2296
100.333,0.2275,0.2314
100.500,0.2260,0.2296
100.667,0.2259,0.2312
101.000,0.2266,0.2229
101.167,0.2234,0.2210
101.333,0.2190,0.2140
101.500,0.2205,0.2158
101.667,0.2172,0.2155
102.000,0.2130,0.2052
102.167,0.2130,0.2052
102.500,0.2100,0.2016
102.667,0.2052,0.1995
102.833,0.2052,0.1995
103.000,0.1995,0.2075
103.167,0.1924,0.2119
103.333,0.1899,0.2218
103.500,0.1858,0.2315
103.667,0.1816,0.2412
104.000,0.1781,0.2627
104.167,0.1773,0.2726
104.333,0.1733,0.2807
104.500,0.1710,0.2872
104.667,0.1705,0.2939
104.833,0.1699,0.3005
105.000,0.1692,0.3088
105.167,0.1651,0.3185
105.500,0.1605,0.3332
105.667,0.1604,0.3349
105.833,0.1604,0.3349
106.000,0.1584,0.3381
106.167,0.1598,0.3416
106.333,0.1577,0.3464
106.500,0.1577,0.3464
106.667,0.1577,0.3464
106.833,0.1577,0.3464
107.000,0.1577,0.3464
107.167,0.1594,0.3465
107.333,0.1538,0.3528
107.500,0.1501,0.3575
107.667,0.1472,0.3523
107.833,0.1421,0.3536
108.167,0.1403,0.3551
108.500,0.1320,0.3545
108.667,0.1302,0.3560
109.000,0.1216,0.3587
109.167,0.1213,0.3620
109.333,0.1177,0.3651
109.500,0.1192,0.3669
109.667,0.1174,0.3684
109.833,0.1155,0.3716
110.000,0.1118,0.3763
110.167,0.1101,0.3762
110.333,0.1098,0.3795
110.667,0.1075,0.3877
110.833,0.1057,0.3892
111.167,0.1051,0.3959
111.333,0.1149,0.3983
111.667,0.1820,0.3952
111.833,0.2158,0.3911
112.000,0.2280,0.3854
112.167,0.2280,0.3854
112.500,0.2767,0.3825
113.167,0.4269,0.3673
113.333,0.4623,0.3651
113.667,0.5229,0.3614
113.833,0.5564,0.3606
114.167,0.6354,0.3584
114.500,0.6959,0.3564
114.667,0.7363,0.3545
114.833,0.7648,0.3550
115.000,0.8054,0.3515
115.167,0.8407,0.3508
115.333,0.8727,0.3500
115.667,0.9433,0.3487
116.000,1.0123,0.3474
116.167,1.0446,0.3432
116.500,1.1203,0.3423
116.833,1.1861,0.3407
117.167,1.2417,0.3400
117.500,1.3225,0.3395
117.833,1.3900,0.3380
118.000,1.4154,0.3366
118.167,1.4492,0.3358
118.333,1.4778,0.3364
118.500,1.5065,0.3352
118.667,1.5283,0.3369
119.167,1.5755,0.3372
119.333,1.5889,0.3382
119.500,1.6057,0.3395
119.667,1.6125,0.3384
119.833,1.6260,0.3394
120.000,1.6341,0.3434
120.333,1.6527,0.3432
120.500,1.6560,0.3434
120.667,1.6627,0.3440
120.833,1.6727,0.3464
121.000,1.6827,0.3472
121.167,1.6894,0.3477
121.333,1.6980,0.3467
122.333,1.7213,0.3502
122.500,1.7209,0.3552
122.667,1.7194,0.3534
122.833,1.7209,0.3552
123.000,1.7192,0.3550
123.167,1.7192,0.3550
123.333,1.7209,0.3552
123.500,1.7209,0.3552
123.667,1.7194,0.3534
123.833,1.7209,0.3552
124.000,1.7194,0.3534
124.167,1.7213,0.3502
124.333,1.7213,0.3502
124.667,1.7219,0.3435
124.833,1.7200,0.3450
125.000,1.7241,0.3369
125.167,1.7259,0.3354
125.667,1.7314,0.3291
126.667,1.7440,0.3200
127.167,1.7589,0.3447
127.500,1.7675,0.3638
128.167,1.7783,0.3983
128.833,1.7793,0.4068
129.500,1.7903,0.4379
129.667,1.7931,0.4449
130.167,1.8003,0.4606
131.500,1.8120,0.4632
131.667,1.8136,0.4633
131.833,1.8170,0.4636
132.000,1.8187,0.4637
132.500,1.8269,0.4660
132.667,1.8306,0.4629
133.000,1.8370,0.4668
133.167,1.8404,0.4671
133.500,1.8433,0.4723
134.000,1.8515,0.4763
134.333,1.8561,0.4818
134.500,1.8542,0.4850
134.833,1.8604,0.4922
135.000,1.8585,0.4937
135.167,1.8566,0.4969
135.333,1.8306,0.5050
135.500,1.7901,0.5036
135.833,1.7175,0.5030
136.000,1.6922,0.5027
136.167,1.6570,0.4999
136.333,1.6502,0.4994
136.500,1.6502,0.4994
136.667,1.6435,0.4989
136.833,1.5996,0.4988
137.167,1.5374,0.4957
137.333,1.4935,0.4973
137.667,1.4294,0.4973
137.833,1.4090,0.4991
138.000,1.3516,0.4997
138.167,1.3296,0.5013
138.500,1.2551,0.5056
138.667,1.2214,0.5064
138.833,1.1876,0.5071
139.000,1.1606,0.5083
139.167,1.1269,0.5091
139.333,1.1134,0.5097
139.500,1.0490,0.5147
139.667,1.0153,0.5155
139.833,0.9798,0.5177
140.000,0.9477,0.5203
140.167,0.9139,0.5227
140.333,0.8801,0.5251
140.500,0.8448,0.5257
140.667,0.8125,0.5299
140.833,0.7789,0.5306
141.000,0.7434,0.5328
141.167,0.7113,0.5354
141.333,0.6762,0.5343
141.500,0.6424,0.5367
141.667,0.6156,0.5363
141.833,0.5734,0.5397
142.000,0.5413,0.5422
142.167,0.5062,0.5411
142.333,0.4778,0.5406
142.500,0.4459,0.5414
142.667,0.4256,0.5432
142.833,0.3954,0.5442
143.167,0.3549,0.5477
143.333,0.3383,0.5464
143.500,0.3247,0.5487
143.667,0.3095,0.5509
143.833,0.3009,0.5535
144.000,0.2858,0.5540
144.167,0.2790,0.5552
144.333,0.2720,0.5580
144.500,0.2621,0.5572
144.667,0.2553,0.5583
145.000,0.2382,0.5620
145.167,0.2298,0.5630
145.500,0.2129,0.5651
146.333,0.1856,0.5713
146.500,0.1805,0.5726
146.667,0.1787,0.5741
146.833,0.1801,0.5776
147.000,0.1783,0.5791
147.167,0.1783,0.5791
147.333,0.1783,0.5791
147.500,0.1783,0.5791
147.667,0.1783,0.5791
147.833,0.1783,0.5791
149.500,0.2458,0.5911
150.167,0.2787,0.5987
150.333,0.2853,0.5992
150.667,0.3000,0.6038
150.833,0.3085,0.6027
151.000,0.3168,0.6034
151.667,0.3482,0.6075
151.833,0.3564,0.6099
152.000,0.3664,0.6106
152.500,0.3912,0.6143
152.667,0.3979,0.6148
153.167,0.4245,0.6169
153.333,0.4312,0.6174
153.500,0.4378,0.6179
154.000,0.4643,0.6217
155.000,0.4706,0.6272
155.333,0.4062,0.6155
155.500,0.3831,0.6120
155.667,0.3647,0.6105
155.833,0.3431,0.6088
156.000,0.3300,0.6061
156.167,0.3119,0.6013
156.333,0.2986,0.6003
156.500,0.2887,0.5995
156.667,0.2753,0.5985
157.000,0.2572,0.5954
157.167,0.2525,0.5916
158.167,0.2061,0.5863
158.333,0.1976,0.5873
158.667,0.1812,0.5844
158.833,0.1813,0.5827
159.000,0.1783,0.5791
159.167,0.1749,0.5788
159.333,0.1718,0.5769
159.500,0.1737,0.5737
160.333,0.1723,0.5703
160.500,0.1725,0.5686
160.667,0.1741,0.5687
161.000,0.1697,0.5617
161.333,0.1686,0.5549
161.500,0.1621,0.5527
161.667,0.1640,0.5495
161.833,0.1607,0.5492
162.000,0.1610,0.5459
162.167,0.1561,0.5439
162.333,0.1546,0.5421
162.500,0.1498,0.5400
162.833,0.1465,0.5397
163.167,0.1354,0.5523
163.333,0.1327,0.5638
163.500,0.1304,0.5720
163.667,0.1291,0.5870
163.833,0.1267,0.5952
164.167,0.1220,0.6115
164.333,0.1215,0.6182
164.500,0.1190,0.6281
164.667,0.1184,0.6347
164.833,0.1178,0.6414
165.167,0.1163,0.6597
165.333,0.1130,0.6594
165.500,0.1130,0.6594
165.667,0.1130,0.6594
165.833,0.1108,0.6660
166.000,0.1101,0.6743
166.167,0.1078,0.6808
166.333,0.1078,0.6808
166.500,0.1077,0.6825
166.667,0.1077,0.6825
166.833,0.1077,0.6825
167.000,0.1077,0.6825
167.167,0.1077,0.6825
167.333,0.1077,0.6825
167.500,0.1052,0.6923
167.833,0.1023,0.6871
168.000,0.0938,0.6881
168.167,0.0938,0.6881
168.333,0.0920,0.6896
168.500,0.0872,0.6876
168.667,0.0886,0.6910
168.833,0.0817,0.6938
169.167,0.0780,0.6969
169.333,0.0764,0.6968
169.500,0.0726,0.7015
169.667,0.0726,0.7015
169.833,0.0692,0.7029
170.000,0.0707,0.7047
170.167,0.0686,0.7096
170.333,0.0670,0.7094
170.500,0.0629,0.7175
170.667,0.0643,0.7210
170.833,0.0642,0.7226
171.000,0.0624,0.7242
171.167,0.0701,0.7315
171.500,0.1358,0.7266
172.167,0.2765,0.7042
172.333,0.2969,0.7008
172.500,0.2968,0.7024
172.667,0.3001,0.7027
172.833,0.3221,0.6994
173.000,0.3678,0.6946
173.333,0.4352,0.6899
173.500,0.4689,0.6875
173.667,0.4975,0.6864
174.000,0.5766,0.6826
174.167,0.6104,0.6802
174.333,0.6439,0.6811
174.500,0.6710,0.6782
174.667,0.7063,0.6777
174.833,0.7316,0.6763
175.000,0.7719,0.6761
175.167,0.8124,0.6743
175.500,0.8798,0.6712
175.667,0.9153,0.6689
175.833,0.9437,0.6711
176.000,0.9844,0.6676
176.167,1.0165,0.6651
176.333,1.0535,0.6663
176.500,1.0808,0.6617
176.667,1.1230,0.6600
176.833,1.1567,0.6593
177.000,1.1838,0.6581
177.167,1.2261,0.6547
177.333,1.2617,0.6524
177.500,1.2972,0.6518
177.667,1.3378,0.6500
177.833,1.3565,0.6481
178.000,1.3988,0.6463
178.167,1.4327,0.6440
178.333,1.4666,0.6416
178.500,1.5022,0.6393
178.667,1.5328,0.6367
178.833,1.5599,0.6354
179.000,1.5871,0.6342
179.167,1.6073,0.6341
179.333,1.6279,0.6306
179.667,1.6616,0.6316
179.833,1.6750,0.6326
180.000,1.6869,0.6319
180.167,1.7003,0.6329
180.333,1.7122,0.6322
180.500,1.7190,0.6327
180.667,1.7241,0.6314
180.833,1.7325,0.6321
181.000,1.7409,0.6327
181.500,1.7681,0.6315
181.667,1.7747,0.6337
181.833,1.7815,0.6326
182.000,1.7933,0.6335
182.167,1.8017,0.6341
182.333,1.8015,0.6358
182.667,1.8083,0.6363
182.833,1.8114,0.6399
183.000,1.8114,0.6399
183.167,1.8130,0.6401
183.333,1.8128,0.6434
183.500,1.8128,0.6434
183.667,1.8128,0.6434
184.833,1.8145,0.6436
185.000,1.8145,0.6436
185.333,1.8128,0.6434
185.500,1.8128,0.6434
185.667,1.8129,0.6418
185.833,1.8128,0.6434
186.000,1.8145,0.6436
186.500,1.8128,0.6434
188.000,1.8128,0.6434
188.167,1.8128,0.6434
188.333,1.8128,0.6434
188.500,1.8145,0.6436
189.500,1.8128,0.6434
189.667,1.8128,0.6434
189.833,1.8128,0.6434
190.000,1.8145,0.6436
190.167,1.8145,0.6436
190.333,1.8128,0.6434
190.667,1.8145,0.6436
190.833,1.8145,0.6436
191.000,1.8145,0.6436
191.167,1.8145,0.6436
191.333,1.8128,0.6434
191.500,1.8145,0.6436
192.333,1.8145,0.6436
192.500,1.8145,0.6436
192.667,1.8145,0.6436
192.833,1.8145,0.6436
193.000,1.8145,0.6436
193.167,1.8145,0.6436
193.333,1.8145,0.6436
194.000,1.8145,0.6436
194.167,1.8145,0.6436
194.333,1.8145,0.6436
194.667,1.8145,0.6436
194.833,1.8145,0.6436
195.000,1.8145,0.6436
195.167,1.8145,0.6436
195.333,1.8145,0.6436
195.500,1.8145,0.6436
195.833,1.8145,0.6436
196.333,1.8145,0.6436
196.500,1.8145,0.6436
196.667,1.8145,0.6436
196.833,1.8145,0.6436
197.000,1.8145,0.6436
197.333,1.8145,0.6436
197.500,1.8145,0.6436
197.667,1.8128,0.6434
197.833,1.8128,0.6434
198.000,1.8128,0.6434
198.167,1.8128,0.6434
198.333,1.8128,0.6434
198.500,1.8145,0.6436
198.667,1.8145,0.6436
198.833,1.8128,0.6434
199.333,1.8128,0.6434
199.500,1.8128,0.6434
199.667,1.8128,0.6434
199.833,1.8145,0.6436
200.000,1.8128,0.6434
200.167,1.8128,0.6434
200.500,1.8128,0.6434
200.667,1.8128,0.6434
200.833,1.8145,0.6436
201.000,1.8145,0.6436
201.333,1.8145,0.6436
201.500,1.8145,0.6436
202.000,1.8128,0.6434
202.167,1.8128,0.6434
202.333,1.8128,0.6434
202.500,1.8145,0.6436
203.167,1.8145,0.6436
203.333,1.8145,0.6436
203.500,1.8114,0.6399
203.833,1.8136,0.6334
204.000,1.8140,0.6284
204.167,1.8123,0.6282
204.333,1.8158,0.6268
204.833,1.8185,0.6136
205.000,1.8220,0.6121
205.167,1.8222,0.6105
205.500,1.8276,0.6058
205.667,1.8277,0.6042
205.833,1.8328,0.6046
206.167,1.8363,0.6031
206.500,1.8433,0.6003
206.667,1.8417,0.5985
206.833,1.8486,0.5974
207.667,1.8383,0.6623
208.167,1.8262,0.6866
208.833,1.8123,0.7125
209.000,1.8122,0.7142
209.333,1.8104,0.7157
209.500,1.8104,0.7157
210.000,1.8104,0.7157
210.167,1.8104,0.7157
210.333,1.8104,0.7157
210.500,1.8104,0.7157
211.000,1.8131,0.7243
211.167,1.8145,0.7278
211.333,1.8162,0.7280
211.833,1.8240,0.7353
212.000,1.8242,0.7336
212.333,1.8270,0.7406
212.667,1.7988,0.7553
213.000,1.7303,0.7650
213.167,1.6962,0.7691
213.333,1.6621,0.7731
213.833,1.5664,0.7858
214.000,1.5323,0.7899
214.167,1.5051,0.7928
214.333,1.4984,0.7922
214.500,1.4609,0.7960
214.667,1.4386,0.8010
214.833,1.4201,0.7995
215.000,1.4131,0.8024
215.167,1.4131,0.8024
215.333,1.4113,0.8039
215.500,1.4014,0.8014
215.667,1.3860,0.8036
215.833,1.3708,0.8041
216.000,1.3589,0.8048
216.167,1.3506,0.8042
216.333,1.3439,0.8036
216.667,1.3249,0.8089
217.000,1.3081,0.8075
217.167,1.3014,0.8070
217.333,1.2914,0.8062
217.500,1.2830,0.8055
217.667,1.2794,0.8086
217.833,1.2676,0.8077
218.000,1.2609,0.8072
218.167,1.2559,0.8068
218.333,1.2542,0.8066
218.500,1.2495,0.8029
218.667,1.2443,0.8042
218.833,1.2447,0.7992
219.000,1.2463,0.8010
219.333,1.2447,0.7992
219.500,1.2447,0.7992
219.667,1.2449,0.7975
219.833,1.2433,0.7957
220.000,1.2418,0.7939
220.167,1.2419,0.7922
220.333,1.2373,0.7868
220.500,1.2390,0.7869
220.667,1.2377,0.7818
220.833,1.2376,0.7834
221.167,1.2365,0.7766
221.333,1.2299,0.7744
221.500,1.2300,0.7727
221.667,1.2249,0.7740
221.833,1.2184,0.7702
222.000,1.2152,0.7682
222.167,1.2169,0.7683
222.500,1.2085,0.7677
222.667,1.2035,0.7673
222.833,1.2018,0.7672
223.000,1.1982,0.7702
223.167,1.1965,0.7701
223.333,1.1912,0.7731
223.500,1.1876,0.7761
223.667,1.1858,0.7777
223.833,1.1858,0.7777
224.000,1.1840,0.7792
224.167,1.1868,0.7862
224.333,1.1896,0.7931
224.500,1.1970,0.8055
224.667,1.2000,0.8108
224.833,1.2016,0.8109
225.000,1.2016,0.8109
225.333,1.2155,0.8271
225.667,1.2313,0.8402
225.833,1.2359,0.8456
226.000,1.2422,0.8512
226.167,1.2468,0.8566
226.333,1.2531,0.8621
226.500,1.2612,0.8661
226.667,1.2642,0.8714
227.000,1.2766,0.8842
227.167,1.2811,0.8913
227.333,1.2872,0.8985
227.500,1.2889,0.8986
227.667,1.2889,0.8986
227.833,1.2889,0.8986
228.000,1.2905,0.9005
228.167,1.2905,0.9005
228.333,1.2905,0.9005
228.500,1.2921,0.9006
229.000,1.2915,0.9090
229.167,1.2892,0.9155
229.667,1.2869,0.9238
229.833,1.2831,0.9285
230.000,1.2847,0.9303
230.167,1.2827,0.9335
230.333,1.2876,0.9356
230.500,1.3095,0.9357
230.667,1.3436,0.9316
230.833,1.3796,0.9244
231.000,1.4137,0.9203
231.167,1.4326,0.9168
231.333,1.4806,0.9071
231.500,1.5148,0.9031
231.667,1.5438,0.8986
231.833,1.5696,0.8939
232.000,1.5933,0.8925
232.167,1.6140,0.8873
232.333,1.6359,0.8891
232.500,1.6497,0.8851
232.667,1.6668,0.8831
233.000,1.6921,0.8834
233.167,1.6955,0.8837
233.333,1.6955,0.8837
233.500,1.7022,0.8842
233.667,1.7158,0.8836
233.833,1.7226,0.8825
234.000,1.7296,0.8796
234.167,1.7379,0.8820
234.333,1.7464,0.8810
234.500,1.7548,0.8816
234.667,1.7616,0.8822
234.833,1.7700,0.8828
235.000,1.7803,0.8803
235.167,1.7886,0.8826
235.333,1.7922,0.8795
235.500,1.7990,0.8801
235.667,1.8023,0.8803
235.833,1.8041,0.8788
236.000,1.8090,0.8809
236.167,1.8089,0.8825
236.333,1.8070,0.8858
236.500,1.8070,0.8858
236.667,1.8070,0.8858
236.833,1.8070,0.8858
237.000,1.8070,0.8858
237.167,1.8070,0.8858
237.333,1.8070,0.8858
237.500,1.8070,0.8858
237.667,1.8070,0.8858
237.833,1.8070,0.8858
238.000,1.8103,0.8860
238.167,1.8106,0.8827
238.333,1.8092,0.8792
238.833,1.8097,0.8725
239.000,1.8117,0.8693
239.167,1.8103,0.8658
239.333,1.8156,0.8628
239.500,1.8174,0.8613
239.667,1.8176,0.8579
239.833,1.8228,0.8566
240.000,1.8215,0.8515
240.167,1.8218,0.8481
240.500,1.8304,0.8471
240.667,1.8323,0.8439
240.833,1.8340,0.8440
241.000,1.8392,0.8428
241.167,1.8420,0.8497
241.333,1.8450,0.8550
242.333,1.8507,0.8892
242.667,1.8531,0.9012
243.000,1.8552,0.9183
243.167,1.8545,0.9267
243.667,1.8575,0.9522
243.833,1.8587,0.9591
244.000,1.8581,0.9658
244.167,1.8576,0.9725
244.333,1.8576,0.9725
244.500,1.8593,0.9726
244.667,1.8593,0.9726
244.833,1.8576,0.9725
245.000,1.8592,0.9743
245.500,1.8654,0.9815
245.667,1.8686,0.9835
246.000,1.8753,0.9840
246.333,1.8804,0.9844
246.500,1.8836,0.9864
246.833,1.8885,0.9884
247.500,1.8965,0.9941
247.667,1.8978,0.9993
248.500,1.8776,1.0197
249.167,1.7492,1.0364
249.333,1.7083,1.0399
249.667,1.6637,1.0482
250.167,1.6382,1.0495
250.333,1.6193,1.0531
250.667,1.5852,1.0571
250.833,1.5734,1.0562
251.167,1.5510,1.0611
251.333,1.5425,1.0621
251.667,1.5236,1.0657
251.833,1.5169,1.0652
252.000,1.5099,1.0680
252.167,1.4962,1.0703
252.333,1.4931,1.0666
252.500,1.4828,1.0692
252.667,1.4758,1.0720
252.833,1.4689,1.0731
253.000,1.4621,1.0743
253.167,1.4536,1.0753
253.333,1.4485,1.0749
253.500,1.4485,1.0749
253.667,1.4487,1.0732
253.833,1.4487,1.0732
254.000,1.4487,1.0732
254.167,1.4487,1.0732
254.333,1.4470,1.0731
254.500,1.4435,1.0745
254.667,1.4420,1.0727
254.833,1.4387,1.0707
255.167,1.4390,1.0674
255.333,1.4376,1.0639
255.500,1.4327,1.0618
255.667,1.4314,1.0567
256.000,1.4299,1.0548
256.333,1.4236,1.0493
256.500,1.4220,1.0475
256.667,1.4204,1.0473
256.833,1.4171,1.0454
257.000,1.4138,1.0451
257.167,1.4122,1.0433
257.333,1.4087,1.0447
257.500,1.4055,1.0428
257.667,1.4004,1.0440
258.000,1.3991,1.0591
258.167,1.4000,1.0693
258.500,1.4051,1.0900
258.667,1.4047,1.0950
259.333,1.4086,1.1088
259.500,1.4081,1.1155
259.667,1.4123,1.1260
259.833,1.4116,1.1344
260.000,1.4132,1.1362
260.167,1.4155,1.1499
260.333,1.4149,1.1566
260.500,1.4159,1.1651
260.667,1.4152,1.1735
260.833,1.4152,1.1735
261.000,1.4152,1.1735
261.167,1.4152,1.1735
261.333,1.4152,1.1735
261.500,1.4152,1.1735
261.667,1.4168,1.1753
261.833,1.4165,1.1786
262.333,1.4094,1.1831
262.500,1.4024,1.1859
262.667,1.4024,1.1859
262.833,1.3989,1.1873
263.000,1.3951,1.1921
263.167,1.3968,1.1922
263.333,1.3950,1.1938
263.500,1.3917,1.1935
263.667,1.3878,1.2000
263.833,1.3876,1.2016
264.000,1.3890,1.2051
264.167,1.3855,1.2065
264.333,1.3853,1.2099
264.500,1.3832,1.2148
264.667,1.3863,1.2184
264.833,1.3947,1.2191
265.000,1.4281,1.2235
265.167,1.4656,1.2197
265.333,1.4980,1.2156
265.500,1.5270,1.2128
265.667,1.5611,1.2088
265.833,1.5866,1.2075
266.000,1.6176,1.2015
266.167,1.6429,1.2019
266.333,1.6534,1.1977
266.500,1.6601,1.1982
266.667,1.6601,1.1982
266.833,1.6755,1.1961
267.000,1.6943,1.1942
267.333,1.7219,1.1880
267.500,1.7324,1.1837
267.667,1.7426,1.1829
267.833,1.7545,1.1821
268.000,1.7631,1.1811
268.167,1.7701,1.1783
268.333,1.7769,1.1772
268.667,1.7908,1.1732
268.833,1.8012,1.1707
269.000,1.8061,1.1727
269.167,1.8148,1.1701
269.333,1.8216,1.1689
269.500,1.8303,1.1662
269.667,1.8355,1.1650
269.833,1.8390,1.1636
270.000,1.8407,1.1637
270.167,1.8446,1.1572
270.333,1.8463,1.1574
270.500,1.8463,1.1574
270.667,1.8463,1.1574
270.833,1.8478,1.1592
271.000,1.8480,1.1575
271.167,1.8478,1.1592
271.500,1.8485,1.1508
271.667,1.8488,1.1474
271.833,1.8473,1.1439
272.000,1.8490,1.1441
272.167,1.8477,1.1389
272.333,1.8511,1.1392
272.500,1.8516,1.1325
272.667,1.8516,1.1325
272.833,1.8536,1.1292
273.000,1.8555,1.1260
273.167,1.8589,1.1263
273.333,1.8605,1.1281
273.500,1.8610,1.1214
273.667,1.8610,1.1214
273.833,1.8677,1.1219
274.000,1.8697,1.1187
274.167,1.8715,1.1172
274.333,1.8797,1.1212
274.667,1.8842,1.1283
274.833,1.8871,1.1336
275.167,1.8892,1.1507
275.333,1.8886,1.1574
275.500,1.8929,1.1679
275.667,1.8955,1.1782
275.833,1.8948,1.1866
276.000,1.8961,1.1918
276.167,1.8961,1.1918
276.333,1.8961,1.1918
276.500,1.8972,1.1987
281.833,1.8821,1.2820
282.500,1.7455,1.2947
282.667,1.7148,1.2972
282.833,1.6860,1.2983
283.500,1.6605,1.2996
283.667,1.6364,1.3044
283.833,1.6108,1.3074
284.000,1.5935,1.3111
284.167,1.5763,1.3148
284.333,1.5661,1.3157
284.500,1.5539,1.3198
284.667,1.5387,1.3202
284.833,1.5300,1.3229
285.000,1.5198,1.3238
285.167,1.5128,1.3266
285.333,1.5058,1.3294
285.500,1.4956,1.3302
285.667,1.4870,1.3312
285.833,1.4799,1.3357
286.000,1.4747,1.3370
286.167,1.4662,1.3380
286.333,1.4575,1.3407
286.500,1.4490,1.3417
286.667,1.4402,1.3460
286.833,1.4332,1.3489
287.000,1.4316,1.3470
287.167,1.4297,1.3503
287.333,1.4262,1.3517
287.667,1.4223,1.3581
288.000,1.4238,1.3599
288.167,1.4238,1.3599
288.333,1.4255,1.3601
288.500,1.4255,1.3601
288.667,1.4238,1.3599
288.833,1.4255,1.3601
289.000,1.4238,1.3599
289.167,1.4255,1.3601
289.333,1.4255,1.3601
289.500,1.4255,1.3601
289.667,1.4255,1.3601
289.833,1.4255,1.3601
290.000,1.4255,1.3601
290.167,1.4255,1.3601
290.333,1.4255,1.3601
290.500,1.4238,1.3599
290.667,1.4238,1.3599
290.833,1.4238,1.3599
291.000,1.4238,1.3599
291.167,1.4238,1.3599
291.333,1.4238,1.3599
291.500,1.4238,1.3599
291.667,1.4238,1.3599
291.833,1.4238,1.3599
292.000,1.4238,1.3599
292.167,1.4238,1.3599
292.333,1.4238,1.3599
292.500,1.4238,1.3599
292.667,1.4238,1.3599
292.833,1.4238,1.3599
293.000,1.4238,1.3599
293.167,1.4238,1.3599
293.333,1.4237,1.3616
293.500,1.4237,1.3616
293.667,1.4238,1.3599
293.833,1.4238,1.3599
294.000,1.4255,1.3601
294.167,1.4255,1.3601
294.333,1.4255,1.3601
294.500,1.4238,1.3599
294.667,1.4222,1.3598
294.833,1.4238,1.3599
295.000,1.4255,1.3601
295.167,1.4255,1.3601
295.333,1.4238,1.3599
295.500,1.4222,1.3598
295.667,1.4238,1.3599
295.833,1.4238,1.3599
296.000,1.4238,1.3599
296.167,1.4238,1.3599
296.333,1.4222,1.3598
296.500,1.4238,1.3599
296.667,1.4255,1.3601
296.833,1.4237,1.3616
297.000,1.4237,1.3616
297.167,1.4237,1.3616
297.333,1.4255,1.3601
297.500,1.4255,1.3601
297.667,1.4238,1.3599
297.833,1.4238,1.3599
298.000,1.4254,1.3617
298.167,1.4238,1.3599
298.333,1.4255,1.3601
298.500,1.4257,1.3584
298.833,1.4228,1.3514
299.000,1.4198,1.3478
299.167,1.4199,1.3461
299.333,1.4168,1.3425
299.500,1.4168,1.3425
299.667,1.4169,1.3408
299.833,1.4154,1.3390
300.000,1.4140,1.3355
300.167,1.4108,1.3335
300.333,1.4075,1.3316
300.500,1.4044,1.3280
300.667,1.4028,1.3278
300.833,1.3994,1.3275
301.000,1.3979,1.3257
301.167,1.3962,1.3256
301.333,1.3912,1.3252
301.500,1.3861,1.3248
301.667,1.3844,1.3246
302.000,1.3794,1.3242
302.167,1.3742,1.3255
302.333,1.3706,1.3286
302.500,1.3709,1.3252
302.667,1.3707,1.3269
303.000,1.3671,1.3300
303.167,1.3672,1.3283
303.333,1.3636,1.3314
303.500,1.3636,1.3314
303.667,1.3582,1.3360
304.000,1.3561,1.3409
304.167,1.3541,1.3442
304.333,1.3522,1.3474
304.833,1.3500,1.3539
305.000,1.3515,1.3558
305.333,1.3932,1.3625
305.500,1.4136,1.3608
305.667,1.4510,1.3587
305.833,1.4902,1.3552
306.000,1.5260,1.3513
306.167,1.5582,1.3505
306.333,1.5750,1.3519
306.500,1.5938,1.3500
306.667,1.6257,1.3526
307.000,1.6728,1.3564
307.167,1.6930,1.3581
307.333,1.7200,1.3602
307.500,1.7333,1.3630
307.667,1.7484,1.3642
307.833,1.7619,1.3653
308.000,1.7652,1.3673
308.167,1.7653,1.3656
308.333,1.7652,1.3673
308.500,1.7754,1.3664
308.667,1.7821,1.3669
309.167,1.8068,1.3757
309.333,1.8170,1.3765
309.500,1.8252,1.3789
309.667,1.8321,1.3778
309.833,1.8403,1.3818
310.000,1.8453,1.3822
310.167,1.8554,1.3830
310.333,1.8620,1.3853
310.500,1.8702,1.3893
310.667,1.8802,1.3918
310.833,1.8819,1.3919
311.000,1.8819,1.3919
311.333,1.8866,1.3957
311.500,1.8848,1.3973
311.667,1.8862,1.4008
311.833,1.8892,1.4061
312.000,1.8892,1.4061
312.167,1.8892,1.4061
312.333,1.8892,1.4061
312.500,1.8892,1.4061
312.667,1.8892,1.4061
312.833,1.8892,1.4061
313.000,1.8892,1.4061
313.167,1.8875,1.4059
313.333,1.8892,1.4061
313.500,1.8892,1.4061
313.667,1.8892,1.4061
313.833,1.8893,1.4044
314.000,1.8881,1.3992
314.167,1.8865,1.3974
314.333,1.8869,1.3923
314.500,1.8819,1.3919
314.667,1.8839,1.3870
314.833,1.8841,1.3853
315.000,1.8842,1.3837
315.167,1.8860,1.3821
315.333,1.8928,1.3827
315.500,1.8946,1.3811
315.667,1.8947,1.3794
320.667,1.8633,1.3904
320.833,1.8360,1.3933
321.000,1.7949,1.3984
321.167,1.7521,1.4034
321.333,1.7193,1.4109
321.500,1.6834,1.4148
321.667,1.6526,1.4190
321.833,1.6184,1.4230
322.000,1.5841,1.4287
322.167,1.5719,1.4328
322.333,1.5309,1.4379
322.500,1.4829,1.4459
322.667,1.4554,1.4504
322.833,1.4144,1.4555
323.000,1.3818,1.4613
323.167,1.3476,1.4670
323.333,1.3151,1.4711
323.500,1.2793,1.4749
323.667,1.2434,1.4805
323.833,1.2093,1.4844
324.000,1.1717,1.4898
324.167,1.1478,1.4930
324.333,1.1172,1.4955
324.500,1.0832,1.4995
324.667,1.0422,1.5046
324.833,1.0150,1.5075
325.000,0.9810,1.5114
325.167,0.9402,1.5149
325.333,0.9129,1.5194
325.500,0.8788,1.5234
325.667,0.8381,1.5268
325.833,0.8026,1.5289
326.000,0.7671,1.5294
326.167,0.7365,1.5337
326.333,0.7025,1.5376
326.500,0.6752,1.5421
326.667,0.6345,1.5456
326.833,0.5973,1.5476
327.000,0.5667,1.5518
327.167,0.5379,1.5545
327.333,0.5142,1.5560
327.500,0.4904,1.5591
327.667,0.4920,1.5609
327.833,0.4920,1.5609
328.000,0.4920,1.5609
328.167,0.4920,1.5609
328.333,0.4920,1.5609
328.500,0.4920,1.5609
328.667,0.4920,1.5609
328.833,0.4920,1.5609
329.000,0.4920,1.5609
329.167,0.4920,1.5609
329.333,0.4904,1.5591
329.500,0.4883,1.5640
329.667,0.4897,1.5674
329.833,0.4896,1.5691
330.000,0.4895,1.5708
330.167,0.4893,1.5725
330.500,0.4856,1.5772
330.667,0.4818,1.5820
330.833,0.4817,1.5837
331.000,0.4817,1.5837
331.167,0.4796,1.5885
331.333,0.4761,1.5899
331.500,0.4743,1.5915
331.667,0.4711,1.5895
331.833,0.4690,1.5944
332.000,0.4658,1.5925
332.167,0.4640,1.5940
332.333,0.4639,1.5957
332.500,0.4570,1.5968
332.667,0.4551,1.6000
332.833,0.4501,1.5996
333.000,0.4485,1.5978
333.167,0.4502,1.5979
333.333,0.4501,1.5996
333.500,0.4501,1.5996
333.667,0.4502,1.5979
333.833,0.4502,1.5979
334.000,0.4502,1.5979
334.167,0.4502,1.5979
334.333,0.4519,1.5981
334.500,0.4554,1.5967
334.667,0.4570,1.5968
334.833,0.4587,1.5970
335.000,0.4620,1.5972
335.167,0.4657,1.5941
335.333,0.4705,1.5962
335.500,0.4710,1.5912
335.667,0.4744,1.5898
335.833,0.4762,1.5883
336.000,0.4800,1.5835
336.167,0.4818,1.5820
336.333,0.4836,1.5804
336.500,0.4854,1.5789
336.667,0.4858,1.5739
336.833,0.4858,1.5739
337.000,0.4861,1.5705
337.167,0.4896,1.5691
337.500,0.4886,1.5606
337.667,0.4872,1.5571
337.833,0.4892,1.5539
338.000,0.4878,1.5504
338.167,0.4881,1.5471
338.333,0.4864,1.5469
338.500,0.4881,1.5471
338.667,0.4864,1.5469
338.833,0.4853,1.5401
339.000,0.4835,1.5416
339.167,0.4754,1.5376
339.333,0.4472,1.5538
339.500,0.4294,1.5659
339.667,0.4278,1.5641
339.833,0.4294,1.5659
340.000,0.4310,1.5660
340.167,0.4327,1.5661
340.333,0.4327,1.5661
340.500,0.4327,1.5661
340.667,0.4344,1.5663
340.833,0.4374,1.5699
341.000,0.4390,1.5717
341.167,0.4420,1.5753
341.333,0.4417,1.5787
341.500,0.4398,1.5819
341.667,0.4415,1.5820
341.833,0.4394,1.5869
342.000,0.4408,1.5904
342.167,0.4305,1.5929
342.333,0.4238,1.5924
342.500,0.4186,1.5937
342.667,0.4038,1.5908
342.833,0.3905,1.5880
343.000,0.3790,1.5853
343.167,0.3709,1.5813
343.333,0.3609,1.5805
343.500,0.3529,1.5765
343.667,0.3480,1.5744
343.833,0.3480,1.5744
344.000,0.3479,1.5760
344.167,0.3479,1.5760
344.333,0.3479,1.5760
344.500,0.3479,1.5760
344.667,0.3479,1.5760
344.833,0.3497,1.5745
345.000,0.3497,1.5745
345.167,0.3479,1.5760
345.333,0.3479,1.5760
345.500,0.3479,1.5760
345.667,0.3479,1.5760
345.833,0.3479,1.5760
346.000,0.3479,1.5760
346.167,0.3479,1.5760
346.333,0.3479,1.5760
346.500,0.3479,1.5760
346.667,0.3479,1.5760
346.833,0.3479,1.5760
347.000,0.3479,1.5760
347.167,0.3479,1.5760
347.333,0.3479,1.5760
347.500,0.3479,1.5760
347.667,0.3479,1.5760
347.833,0.3479,1.5760
348.000,0.3479,1.5760
348.167,0.3479,1.5760
348.333,0.3479,1.5760
348.500,0.3479,1.5760
348.667,0.3479,1.5760
348.833,0.3479,1.5760
349.000,0.3479,1.5760
349.167,0.3479,1.5760
349.333,0.3479,1.5760
349.500,0.3431,1.5723
349.667,0.3365,1.5717
349.833,0.3265,1.5709
350.000,0.3216,1.5688
350.167,0.3151,1.5666
350.333,0.3037,1.5623
350.500,0.2970,1.5618
350.667,0.2888,1.5594
350.833,0.2821,1.5589
351.000,0.2823,1.5572
351.167,0.2821,1.5589
351.333,0.2756,1.5566
351.500,0.2724,1.5547
351.667,0.2724,1.5547
351.833,0.2744,1.5515
352.000,0.2713,1.5479
352.167,0.2717,1.5428
352.333,0.2734,1.5430
352.500,0.2719,1.5412
352.667,0.2719,1.5412
352.833,0.2735,1.5413
353.000,0.2735,1.5413
353.167,0.2703,1.5393
353.333,0.2706,1.5360
353.500,0.2709,1.5327
353.667,0.2694,1.5308
354.000,0.2617,1.5218
354.167,0.2619,1.5201
354.333,0.2585,1.5198
354.500,0.2587,1.5182
354.667,0.2540,1.5144
354.833,0.2509,1.5108
355.000,0.2474,1.5122
355.167,0.2440,1.5136
355.333,0.2426,1.5101
355.667,0.2392,1.5098
355.833,0.2359,1.5096
356.000,0.2320,1.5160
356.167,0.2319,1.5177
356.333,0.2309,1.5294
356.500,0.2321,1.5345
356.667,0.2338,1.5549
356.833,0.2349,1.5617
357.000,0.2377,1.5687
357.167,0.2388,1.5755
357.500,0.2408,1.5909
357.667,0.2417,1.6010
357.833,0.2432,1.6029
358.000,0.2431,1.6045
358.167,0.2446,1.6063
358.333,0.2474,1.6133
358.500,0.2482,1.6235
358.667,0.2492,1.6320
358.833,0.2519,1.6390
359.000,0.2514,1.6457
359.167,0.2511,1.6490
359.333,0.2526,1.6508
359.500,0.2526,1.6508
359.667,0.2511,1.6490
359.833,0.2526,1.6508
360.000,0.2526,1.6508
360.167,0.2521,1.6575
360.333,0.2503,1.6591
360.500,0.2518,1.6609
360.667,0.2483,1.6623
360.833,0.2466,1.6622
361.000,0.2432,1.6636
361.167,0.2379,1.6665
361.333,0.2359,1.6697
361.500,0.2343,1.6696
361.667,0.2325,1.6711
361.833,0.2322,1.6745
362.000,0.2319,1.6778
362.167,0.2286,1.6775
362.333,0.2283,1.6809
362.500,0.2263,1.6841
362.667,0.2262,1.6858
362.833,0.2258,1.6908
363.000,0.2238,1.6940
363.167,0.2469,1.6993
363.333,0.2855,1.6991
363.500,0.3175,1.6984
363.667,0.3512,1.6978
363.833,0.3851,1.6938
364.000,0.4224,1.6901
364.167,0.4562,1.6879
364.333,0.4967,1.6861
364.500,0.5254,1.6851
364.667,0.5593,1.6812
364.833,0.5812,1.6813
365.000,0.5862,1.6817
365.167,0.5862,1.6817
365.333,0.6201,1.6794
365.500,0.6421,1.6779
365.667,0.6896,1.6733
365.833,0.7166,1.6722
366.000,0.7575,1.6671
366.167,0.7931,1.6649
366.333,0.8203,1.6621
366.500,0.8525,1.6597
366.667,0.8865,1.6557
366.833,0.9222,1.6519
367.000,0.9496,1.6474
367.167,0.9820,1.6433
367.333,1.0244,1.6400
367.500,1.0553,1.6341
367.667,1.0926,1.6321
367.833,1.1250,1.6280
368.000,1.1660,1.6229
368.167,1.2016,1.6207
368.333,1.2153,1.6185
368.500,1.2615,1.6121
368.667,1.2872,1.6075
368.833,1.3297,1.6042
369.000,1.3723,1.6009
369.167,1.3980,1.5962
369.333,1.4337,1.5941
369.667,1.5089,1.5850
369.833,1.5380,1.5806
370.000,1.5705,1.5765
370.167,1.6098,1.5729
370.333,1.6370,1.5718
370.500,1.6642,1.5706
370.667,1.6849,1.5655
370.833,1.7071,1.5639
371.000,1.7260,1.5604
371.167,1.7467,1.5553
371.333,1.7587,1.5546
371.667,1.7879,1.5502
371.833,1.7967,1.5458
372.000,1.8054,1.5432
372.167,1.8155,1.5440
372.333,1.8240,1.5430
372.500,1.8312,1.5385
372.667,1.8413,1.5393
372.833,1.8484,1.5348
373.000,1.8570,1.5338
373.167,1.8619,1.5359
373.333,1.8741,1.5318
373.667,1.8881,1.5262
373.833,1.8985,1.5237
377.167,1.8965,1.5066
377.333,1.8897,1.5060
377.500,1.8813,1.5053
377.667,1.8729,1.5046
377.833,1.8628,1.5038
378.000,1.8544,1.5031
378.167,1.8461,1.5008
378.333,1.8426,1.5022
378.500,1.8291,1.5011
378.667,1.8225,1.4988
378.833,1.8139,1.4998
379.167,1.7989,1.4969
379.500,1.7787,1.4953
379.667,1.7753,1.4950
379.833,1.7653,1.4925
380.000,1.7568,1.4935
380.167,1.7450,1.4925
380.500,1.7248,1.4909
380.833,1.7113,1.4898
381.000,1.7061,1.4911
381.167,1.6994,1.4905
381.500,1.6793,1.4872
381.833,1.6642,1.4860
382.500,1.6337,1.4852
382.667,1.6270,1.4846
383.000,1.6119,1.4834
383.667,1.6171,1.4821
383.833,1.6692,1.4864
384.167,1.7196,1.4922
384.333,1.7381,1.4937
384.667,1.7433,1.4924
384.833,1.7433,1.4924
385.000,1.7433,1.4924
385.167,1.7433,1.4924
385.833,1.7465,1.4944
386.500,1.8004,1.4987
386.833,1.8191,1.4986
387.000,1.8275,1.4993
387.167,1.8341,1.5015
387.333,1.8446,1.4973
387.833,1.8732,1.5013
388.000,1.8799,1.5018
388.167,1.8883,1.5025
388.333,1.8969,1.5015
403.833,1.8184,1.6560
404.167,1.7483,1.6639
404.333,1.7084,1.6741
404.500,1.6742,1.6781
404.667,1.6418,1.6805
404.833,1.6160,1.6852
405.000,1.5751,1.6886
405.333,1.5476,1.6931
405.500,1.5476,1.6931
405.667,1.5476,1.6931
405.833,1.5136,1.6954
406.000,1.4777,1.6992
406.167,1.4421,1.6997
406.500,1.3671,1.7071
406.667,1.3329,1.7110
406.833,1.3090,1.7141
407.000,1.2664,1.7174
407.167,1.2339,1.7232
407.500,1.1658,1.7294
407.667,1.1301,1.7316
407.833,1.0960,1.7355
408.000,1.0604,1.7377
408.167,1.0279,1.7418
408.333,0.9923,1.7439
408.500,0.9651,1.7467
408.667,0.9243,1.7501
408.833,0.9003,1.7549
409.000,0.8663,1.7589
409.167,0.8322,1.7628
409.333,0.7915,1.7662
409.500,0.7626,1.7689
409.667,0.7234,1.7741
409.833,0.6879,1.7762
410.000,0.6591,1.7772
410.167,0.6251,1.7812
410.333,0.5978,1.7857
410.500,0.5656,1.7881
410.667,0.5436,1.7896
410.833,0.5201,1.7894
411.000,0.5028,1.7947
411.167,0.4828,1.7930
411.333,0.4694,1.7919
411.500,0.4611,1.7912
411.667,0.4456,1.7950
411.833,0.4338,1.7957
412.167,0.4136,1.7958
412.333,0.4101,1.7972
412.500,0.4002,1.7947
412.667,0.3936,1.7941
412.833,0.3802,1.7930
413.000,0.3734,1.7941
413.167,0.3667,1.7936
413.333,0.3582,1.7946
413.500,0.3500,1.7922
413.667,0.3433,1.7916
413.833,0.3350,1.7909
414.000,0.3300,1.7905
414.167,0.3300,1.7905
414.333,0.3268,1.7886
414.500,0.3268,1.7886
414.667,0.3223,1.7814
414.833,0.3222,1.7831
415.000,0.3222,1.7831
415.167,0.3222,1.7831
415.333,0.3222,1.7831
415.500,0.3222,1.7831
415.667,0.3222,1.7831
415.833,0.3208,1.7796
416.000,0.3193,1.7778
416.167,0.3194,1.7761
416.333,0.3183,1.7693
416.500,0.3150,1.7690
416.667,0.3152,1.7657
416.833,0.3137,1.7639
417.000,0.3107,1.7602
417.167,0.3091,1.7584
417.333,0.3058,1.7581
417.500,0.3025,1.7579
417.667,0.2994,1.7542
417.833,0.2976,1.7558
418.000,0.2930,1.7503
418.333,0.2880,1.7499
418.500,0.2862,1.7515
418.667,0.2810,1.7527
418.833,0.2812,1.7510
419.000,0.2760,1.7523
419.167,0.2727,1.7520
419.333,0.2694,1.7518
419.500,0.2702,1.7619
419.667,0.2731,1.7672
419.833,0.2741,1.7758
420.000,0.2799,1.7864
420.167,0.2873,1.7988
420.333,0.2965,1.8097
420.500,0.2991,1.8183
420.667,0.2991,1.8183
420.833,0.2991,1.8183
421.000,0.2991,1.8183
421.167,0.3052,1.8256
421.333,0.3097,1.8327
421.500,0.3158,1.8400
421.667,0.3169,1.8468
421.833,0.3215,1.8523
422.000,0.3276,1.8595
422.167,0.3286,1.8681
422.333,0.3348,1.8737
422.500,0.3358,1.8822
422.667,0.3402,1.8893
422.833,0.3416,1.8928
423.000,0.3416,1.8928
423.167,0.3430,1.8963
423.333,0.3447,1.8964
423.500,0.3447,1.8964
423.667,0.3447,1.8964
423.833,0.3447,1.8964
424.000,0.3447,1.8964
424.333,0.3459,1.9016
424.500,0.3475,1.9034
424.667,0.3443,1.9015
424.833,0.3422,1.9064
425.000,0.3386,1.9094
425.167,0.3351,1.9108
425.333,0.3333,1.9124
425.500,0.3347,1.9159
425.667,0.3342,1.9209
425.833,0.3323,1.9241
426.000,0.3321,1.9258
426.333,0.3331,1.9343
426.500,0.3564,1.9380
426.667,0.4020,1.9350
426.833,0.4290,1.9339
427.167,0.4987,1.9262
427.333,0.5392,1.9245
427.667,0.6005,1.9160
427.833,0.6412,1.9127
428.000,0.6685,1.9082
428.167,0.7024,1.9059
428.333,0.7401,1.8989
428.500,0.7758,1.8951
428.667,0.8032,1.8906
428.833,0.8424,1.8854
429.000,0.8665,1.8789
429.167,0.8665,1.8789
429.333,0.8665,1.8789
429.500,0.8784,1.8782
429.667,0.9160,1.8729
429.833,0.9567,1.8695
430.000,0.9911,1.8622
430.167,1.0235,1.8581
430.333,1.0786,1.8458
430.500,1.1111,1.8400
430.667,1.1454,1.8344
430.833,1.1781,1.8269
431.000,1.2072,1.8226
431.167,1.2485,1.8141
431.333,1.2794,1.8082
431.500,1.3137,1.8026
431.667,1.3515,1.7955
431.833,1.3827,1.7862
432.000,1.4083,1.7833
432.333,1.4857,1.7676
432.500,1.5168,1.7600
432.667,1.5513,1.7527
432.833,1.5858,1.7454
433.000,1.6203,1.7381
433.500,1.7027,1.7245
433.667,1.7235,1.7194
433.833,1.7302,1.7200
434.000,1.7510,1.7149
434.167,1.7684,1.7096
434.333,1.7841,1.7041
434.667,1.8047,1.7007
434.833,1.8201,1.6986
435.000,1.8288,1.6959
435.167,1.8392,1.6933
435.333,1.8462,1.6905
435.500,1.8532,1.6877
435.667,1.8618,1.6867
436.000,1.8705,1.6840
436.167,1.8705,1.6840
436.333,1.8705,1.6840
436.500,1.8704,1.6857
436.667,1.8704,1.6857
436.833,1.8705,1.6840
437.000,1.8704,1.6857
437.167,1.8704,1.6857
437.333,1.8705,1.6840
437.500,1.8705,1.6840
437.667,1.8705,1.6840
437.833,1.8705,1.6840
438.000,1.8722,1.6842
438.167,1.8809,1.6815
438.333,1.8896,1.6788
438.500,1.8966,1.6760
442.167,1.8994,1.5983
442.333,1.8986,1.5864
452.333,1.8904,1.7331
452.500,1.8870,1.7329
453.167,1.7919,1.7335
453.500,1.7134,1.7389
453.667,1.6793,1.7412
453.833,1.6521,1.7424
454.500,1.5187,1.7585
454.667,1.4759,1.7634
454.833,1.4434,1.7675
455.000,1.4092,1.7715
455.167,1.3734,1.7753
455.333,1.3476,1.7800
455.500,1.3135,1.7839
455.667,1.2777,1.7877
455.833,1.2435,1.7917
456.000,1.2109,1.7975
456.167,1.1767,1.8031
456.333,1.1493,1.8076
456.500,1.1014,1.8138
456.667,1.0759,1.8168
456.833,1.0332,1.8217
457.000,1.0059,1.8262
457.167,0.9634,1.8295
457.333,0.9311,1.8319
457.500,0.8971,1.8358
457.667,0.8797,1.8411
457.833,0.8390,1.8445
458.000,0.8048,1.8501
458.167,0.7641,1.8535
458.333,0.7285,1.8557
458.500,0.6961,1.8597
458.667,0.6793,1.8600
458.833,0.6793,1.8600
459.000,0.6793,1.8600
459.167,0.6793,1.8600
459.333,0.6793,1.8600
459.500,0.6793,1.8600
459.667,0.6793,1.8600
459.833,0.6793,1.8600
460.000,0.6793,1.8600
460.167,0.6808,1.8618
460.333,0.6808,1.8618
460.500,0.6858,1.8623
460.667,0.6857,1.8639
460.833,0.6872,1.8658
461.000,0.6886,1.8693
461.167,0.6868,1.8708
461.333,0.6883,1.8726
461.500,0.6881,1.8760
461.667,0.6861,1.8792
461.833,0.6843,1.8807
462.000,0.6805,1.8855
462.167,0.6787,1.8870
462.333,0.6783,1.8921
462.500,0.6766,1.8919
462.667,0.6730,1.8950
462.833,0.6712,1.8966
463.000,0.6712,1.8966
463.167,0.6677,1.8980
463.333,0.6642,1.8994
463.500,0.6607,1.9008
463.667,0.6606,1.9024
463.833,0.6572,1.9022
464.000,0.6524,1.9001
464.167,0.6539,1.9019
464.333,0.6539,1.9019
464.500,0.6539,1.9019
464.667,0.6539,1.9019
464.833,0.6539,1.9019
465.000,0.6539,1.9019
465.167,0.6539,1.9019
465.333,0.6539,1.9019
465.500,0.6539,1.9019
465.667,0.6540,1.9002
465.833,0.6589,1.9023
466.000,0.6606,1.9024
466.167,0.6658,1.9012
466.333,0.6659,1.8995
466.500,0.6711,1.8982
466.667,0.6747,1.8952
466.833,0.6745,1.8968
467.000,0.6782,1.8937
467.167,0.6800,1.8922
467.333,0.6803,1.8889
467.500,0.6836,1.8891
467.667,0.6823,1.8840
467.833,0.6860,1.8809
468.000,0.6862,1.8775
468.167,0.6897,1.8761
468.333,0.6865,1.8742
468.500,0.6903,1.8694
468.833,0.6907,1.8644
469.000,0.6894,1.8592
469.167,0.6912,1.8576
469.333,0.6882,1.8540
469.500,0.6871,1.8471
469.667,0.6855,1.8453
469.833,0.6854,1.8470
470.000,0.6854,1.8470
470.167,0.6854,1.8470
470.333,0.6857,1.8437
470.500,0.6734,1.8494
470.667,0.6434,1.8655
470.833,0.6179,1.8887
471.000,0.6090,1.8948
471.167,0.6090,1.8948
471.333,0.6140,1.8952
471.500,0.6143,1.8918
471.667,0.6142,1.8935
471.833,0.6209,1.8941
472.000,0.6224,1.8959
472.167,0.6238,1.8994
472.333,0.6253,1.9012
472.500,0.6234,1.9044
472.667,0.6248,1.9079
472.833,0.6263,1.9097
473.000,0.6160,1.9123
473.167,0.5888,1.9151
473.333,0.5619,1.9145
473.500,0.5386,1.9109
473.667,0.5154,1.9073
473.833,0.5020,1.9061
474.000,0.4836,1.9046
474.167,0.4684,1.9050
474.333,0.4584,1.9042
474.500,0.4534,1.9038
474.667,0.4332,1.9038
474.833,0.4265,1.9032
475.000,0.4148,1.9023
475.167,0.4081,1.9017
475.333,0.4065,1.9016
475.500,0.4083,1.9000
475.667,0.4083,1.9000
475.833,0.4083,1.9000
476.000,0.4083,1.9000
476.167,0.4083,1.9000
476.333,0.4083,1.9000
476.500,0.4083,1.9000
476.667,0.4083,1.9000
476.833,0.4083,1.9000
477.000,0.4083,1.9000
477.167,0.4083,1.9000
477.333,0.4083,1.9000
477.500,0.4065,1.9016
477.667,0.4065,1.9016
477.833,0.4065,1.9016
478.000,0.4083,1.9000
478.167,0.4083,1.9000
478.333,0.4083,1.9000
478.500,0.4081,1.9017
478.667,0.4065,1.9016
478.833,0.4065,1.9016
479.000,0.4065,1.9016
479.167,0.4065,1.9016
479.333,0.4065,1.9016
479.500,0.4065,1.9016
479.667,0.4083,1.9000
479.833,0.4083,1.9000
480.000,0.4083,1.9000
480.167,0.4083,1.9000
480.333,0.4083,1.9000
480.500,0.4083,1.9000
480.667,0.4065,1.9016
480.833,0.4065,1.9016
481.000,0.3998,1.9010
481.167,0.3913,1.9020
481.333,0.3810,1.9045
481.500,0.3743,1.9040
481.667,0.3676,1.9034
481.833,0.3559,1.9024
482.000,0.3473,1.9051
482.167,0.3440,1.9048
482.333,0.3305,1.9054
482.500,0.3288,1.9053
482.667,0.3288,1.9053
482.833,0.3288,1.9053
483.000,0.3288,1.9053
483.167,0.3288,1.9053
483.333,0.3255,1.9050
483.500,0.3238,1.9048
483.667,0.3174,1.9009
483.833,0.3191,1.9011
484.000,0.3195,1.8960
484.167,0.3177,1.8976
484.333,0.3167,1.8890
484.500,0.3119,1.8870
484.667,0.3119,1.8870
484.833,0.3139,1.8821
485.000,0.3103,1.8851
485.167,0.3074,1.8798
485.333,0.3060,1.8763
485.500,0.3045,1.8745
485.667,0.3030,1.8727
485.833,0.2963,1.8721
486.000,0.2945,1.8737
486.167,0.2914,1.8701
486.333,0.2881,1.8698
486.500,0.2831,1.8694
486.667,0.2797,1.8691
486.833,0.2749,1.8670
487.000,0.2765,1.8671
487.167,0.2729,1.8702
487.333,0.2707,1.8768
487.500,0.2703,1.8818
487.667,0.2728,1.8921
487.833,0.2772,1.8993
488.000,0.2812,1.9114
488.167,0.2812,1.9114
488.333,0.2812,1.9114
488.500,0.2812,1.9114
488.667,0.2855,1.9202
488.833,0.2880,1.9306
489.000,0.2923,1.9394
489.167,0.2969,1.9448
489.333,0.2996,1.9535
489.500,0.3040,1.9606
489.667,0.3051,1.9675
489.833,0.3096,1.9746
490.000,0.3139,1.9834
490.167,0.3150,1.9903
490.333,0.3193,1.9991
490.500,0.3239,2.0045
490.667,0.3236,2.0079
490.833,0.3253,2.0080
491.000,0.3253,2.0080
491.167,0.3253,2.0080
491.333,0.3236,2.0079
491.500,0.3236,2.0079
491.667,0.3238,2.0062
491.833,0.3254,2.0064
492.000,0.3254,2.0064
492.167,0.3254,2.0064
492.333,0.3254,2.0064
492.500,0.3238,2.0062
492.667,0.3250,2.0114
492.833,0.3249,2.0131
493.000,0.3246,2.0164
493.167,0.3243,2.0198
493.333,0.3224,2.0230
493.500,0.3190,2.0227
493.667,0.3155,2.0241
493.833,0.3136,2.0273
494.000,0.3118,2.0289
494.167,0.3114,2.0339
494.333,0.3079,2.0353
494.500,0.3059,2.0385
494.667,0.3073,2.0420
494.833,0.3055,2.0436
495.000,0.3020,2.0450
495.167,0.3034,2.0485
495.333,0.3030,2.0535
495.500,0.3196,2.0566
495.667,0.3552,2.0528
495.833,0.3843,2.0468
496.000,0.4165,2.0444
496.167,0.4591,2.0378
496.333,0.4917,2.0304
496.500,0.5275,2.0249
496.667,0.5615,2.0210
496.833,0.5937,2.0186
497.000,0.6262,2.0129
497.167,0.6602,2.0090
497.333,0.6876,2.0045
497.500,0.7283,2.0011
497.667,0.7417,2.0022
497.833,0.7417,2.0022
498.000,0.7502,2.0012
498.167,0.7841,1.9990
498.333,0.8165,1.9949
498.500,0.8471,1.9924
498.667,0.8826,1.9920
498.833,0.9234,1.9886
499.000,0.9575,1.9847
499.167,0.9915,1.9807
499.333,1.0252,1.9819
499.500,1.0592,1.9796
499.667,1.0933,1.9757
499.833,1.1275,1.9717
500.000,1.1633,1.9679
500.167,1.1988,1.9675
500.500,1.2754,1.9620
500.667,1.3094,1.9598
500.833,1.3334,1.9567
501.000,1.3691,1.9546
501.167,1.4064,1.9543
501.333,1.4389,1.9502
501.500,1.4731,1.9462
501.667,1.5055,1.9438
501.833,1.5328,1.9410
502.000,1.5601,1.9382
502.500,1.6357,1.9258
502.667,1.6357,1.9258
502.833,1.6357,1.9258
503.000,1.6357,1.9258
503.167,1.6357,1.9258
503.333,1.6357,1.9258
503.500,1.6357,1.9258
503.667,1.6357,1.9258
503.833,1.6357,1.9258
504.000,1.6357,1.9258
504.167,1.6324,1.9255
504.500,1.6254,1.9284
504.667,1.6151,1.9292
505.000,1.5979,1.9329
505.333,1.5839,1.9385
505.500,1.5771,1.9379
505.667,1.5704,1.9374
505.833,1.5648,1.9437
506.000,1.5547,1.9428
506.333,1.5356,1.9480
506.500,1.5288,1.9492
506.667,1.5233,1.9538
506.833,1.5132,1.9530
507.000,1.5027,1.9572
507.167,1.4958,1.9583
507.333,1.4908,1.9579
507.667,1.4734,1.9632
507.833,1.4667,1.9627
508.167,1.4493,1.9680
508.333,1.4441,1.9693
508.500,1.4319,1.9733
508.667,1.4302,1.9732
509.000,1.4045,1.9778
509.167,1.4008,1.9809
509.333,1.3905,1.9835
509.500,1.3821,1.9828
509.667,1.3751,1.9856
509.833,1.3699,1.9868
510.000,1.3596,1.9877
510.167,1.3524,1.9939
510.333,1.3440,1.9932
510.500,1.3370,1.9960
510.667,1.3336,1.9957
510.833,1.3336,1.9957
511.000,1.3351,1.9975
511.167,1.3351,1.9975
511.333,1.3353,1.9958
511.500,1.3353,1.9958
511.667,1.3353,1.9958
511.833,1.3353,1.9958
512.167,1.3284,1.9969
512.333,1.3235,1.9948
512.500,1.3236,1.9932
512.667,1.3222,1.9896
512.833,1.3207,1.9878
513.167,1.3197,1.9793
513.333,1.3284,1.9766
513.500,1.3602,1.9809
513.667,1.3931,1.9922
513.833,1.4260,2.0051
514.000,1.4522,2.0157
514.167,1.4914,2.0343
514.333,1.5208,2.0486
514.500,1.5472,2.0576
514.667,1.5832,2.0742
514.833,1.6142,2.0886
515.000,1.6434,2.1064
515.167,1.6725,2.1241
515.333,1.6967,2.1397
515.500,1.7306,2.1612
515.667,1.7564,2.1787
516.000,1.7694,2.1866
516.167,1.7709,2.1884
516.333,1.7690,2.1916
516.667,1.7737,2.1971
518.500,1.7817,2.2029
519.167,1.7826,2.2132
519.333,1.7823,2.2165
519.500,1.7805,2.2181
519.667,1.7836,2.2217
520.000,1.7864,2.2288
520.167,1.7843,2.2337
520.333,1.7877,2.2340
520.667,1.7907,2.2393
520.833,1.7941,2.2396
521.000,1.7938,2.2430
521.167,1.7987,2.2451
521.333,1.7986,2.2468
521.500,1.8052,2.2491
521.667,1.8068,2.2509
521.833,1.8120,2.2496
522.167,1.8186,2.2519
522.500,1.8168,2.2534
522.667,1.8168,2.2534
522.833,1.8168,2.2534
523.000,1.8168,2.2534
523.167,1.8168,2.2534
523.333,1.8168,2.2534
523.500,1.8168,2.2534
523.667,1.8168,2.2534
524.000,1.8087,2.2476
524.167,1.8070,2.2475
524.500,1.8171,2.2059
524.667,1.8363,2.1786
524.833,1.8480,2.1591
525.000,1.8503,2.1525
525.167,1.8487,2.1507
525.333,1.8456,2.1470
525.500,1.8398,2.1347
525.667,1.8370,2.1276
525.833,1.8370,2.1276
526.000,1.8354,2.1258
526.167,1.8354,2.1258
526.333,1.8354,2.1258
526.500,1.8354,2.1258
526.667,1.8354,2.1258
526.833,1.8354,2.1258
527.000,1.8354,2.1258
527.167,1.8338,2.1240
527.333,1.8354,2.1258
527.500,1.8354,2.1258
527.667,1.8370,2.1276
527.833,1.8370,2.1276
528.000,1.8370,2.1276
528.167,1.8370,2.1276
528.333,1.8370,2.1276
528.500,1.8370,2.1276
528.667,1.8370,2.1276
528.833,1.8398,2.1347
529.000,1.8398,2.1347
529.167,1.8398,2.1347
529.333,1.8398,2.1347
529.500,1.8398,2.1347
529.833,1.8428,2.1400
530.000,1.8443,2.1418
530.167,1.8443,2.1418
530.333,1.8443,2.1418
530.500,1.8426,2.1417
530.667,1.8443,2.1418
530.833,1.8491,2.1456
531.000,1.8508,2.1458
531.167,1.8507,2.1475
531.333,1.8536,2.1528
531.500,1.8551,2.1563
531.667,1.8596,2.1635
531.833,1.8645,2.1656
532.000,1.8645,2.1656
532.167,1.8645,2.1656
534.667,1.8630,2.1638
534.833,1.8600,2.1584
535.000,1.8601,2.1568
535.167,1.8587,2.1532
535.333,1.8572,2.1514
535.667,1.8539,2.1494
535.833,1.8522,2.1493
536.167,1.8440,2.1452
536.500,1.8428,2.1400
536.833,1.8347,2.1342
537.000,1.8301,2.1288
537.167,1.8270,2.1251
537.333,1.8255,2.1216
537.667,1.8330,2.1137
537.833,1.8349,2.1105
538.000,1.8352,2.1071
538.167,1.8374,2.1005
538.333,1.8374,2.1005
538.500,1.8374,2.1005
538.667,1.8374,2.1005
538.833,1.8374,2.1005
539.000,1.8374,2.1005
539.167,1.8374,2.1005
539.333,1.8374,2.1005
539.500,1.8373,2.1022
539.833,1.8353,2.1054
540.000,1.8332,2.1103
540.167,1.8335,2.1070
540.500,1.8309,2.1186
540.667,1.8303,2.1254
540.833,1.8332,2.1324
541.000,1.8377,2.1396
541.167,1.8391,2.1431
541.333,1.8355,2.1462
541.500,1.8308,2.1407
542.000,1.8337,2.1477
542.167,1.8351,2.1513
542.333,1.8364,2.1565
542.667,1.8395,2.1601
543.333,1.8509,2.1662
543.500,1.8543,2.1665
543.833,1.8575,2.1684
544.000,1.8574,2.1701
544.167,1.8574,2.1701
544.333,1.8574,2.1701
544.500,1.8575,2.1684
544.667,1.8574,2.1701
544.833,1.8575,2.1684
545.000,1.8575,2.1684
545.167,1.8574,2.1701
545.500,1.8528,2.1629
545.667,1.8513,2.1611
545.833,1.8461,2.1624
546.000,1.8447,2.1589
546.167,1.8413,2.1586
546.333,1.8416,2.1552
546.500,1.8382,2.1549
546.667,1.8369,2.1497
546.833,1.8353,2.1479
547.167,1.8322,2.1442
547.333,1.8293,2.1389
547.500,1.8312,2.1356
548.000,1.8282,2.1303
548.833,1.8270,2.1251
549.000,1.8270,2.1251
549.167,1.8224,2.1179
549.333,1.8245,2.1130
549.500,1.8263,2.1115
549.667,1.8249,2.1079
549.833,1.8267,2.1064
550.000,1.8287,2.1032
550.167,1.8326,2.0967
550.333,1.8325,2.0984
550.500,1.8378,2.0954
550.667,1.8378,2.0954
551.000,1.8451,2.0892
551.167,1.8468,2.0894
551.333,1.8487,2.0861
551.500,1.8537,2.0882
551.667,1.8558,2.0833
551.833,1.8573,2.0852
552.000,1.8600,2.0939
552.167,1.8596,2.0989
552.500,1.8628,2.1230
552.667,1.8623,2.1297
552.833,1.8632,2.1400
553.000,1.8629,2.1434
553.167,1.8622,2.1518
553.333,1.8645,2.1656
553.500,1.8624,2.1706
553.667,1.8633,2.1808
553.833,1.8651,2.1793
554.000,1.8651,2.1793
554.167,1.8651,2.1793
554.333,1.8646,2.1860
554.500,1.8641,2.1928
554.667,1.8634,2.2012
554.833,1.8630,2.2063
555.000,1.8636,2.2200
555.167,1.8618,2.2215
555.333,1.8635,2.2216
555.500,1.8631,2.2267
555.667,1.8631,2.2267
555.833,1.8631,2.2267
556.167,1.8648,2.2269
556.333,1.8646,2.2285
556.500,1.8645,2.2302
556.667,1.8659,2.2337
556.833,1.8694,2.2323
557.333,1.8759,2.2363
558.167,1.8921,2.2462
558.333,1.8940,2.2446
558.500,1.8955,2.2464
559.000,1.8998,2.2570
560.500,1.7175,2.2621
561.167,1.5754,2.2552
561.667,1.5313,2.2549
561.833,1.4922,2.2567
562.167,1.4243,2.2578
562.333,1.3906,2.2550
562.833,1.2818,2.2594
563.167,1.2194,2.2558
563.333,1.1921,2.2586
563.500,1.1516,2.2569
563.667,1.1176,2.2591
563.833,1.0772,2.2574
564.000,1.0433,2.2580
564.167,1.0162,2.2591
564.333,0.9808,2.2578
564.500,0.9419,2.2579
564.667,0.9065,2.2566
564.833,0.8727,2.2571
565.000,0.8472,2.2584
565.167,0.8070,2.2550
565.333,0.7715,2.2554
565.500,0.7394,2.2561
565.667,0.7059,2.2532
565.833,0.6687,2.2535
566.000,0.6348,2.2557
566.167,0.6012,2.2546
566.333,0.5726,2.2538
566.500,0.5339,2.2523
566.667,0.5034,2.2548
566.833,0.4765,2.2542
567.000,0.4564,2.2525
567.167,0.4292,2.2553
567.333,0.4109,2.2537
567.667,0.3770,2.2559
567.833,0.3653,2.2550
568.000,0.3519,2.2538
568.167,0.3419,2.2530
568.333,0.3299,2.2554
568.500,0.3214,2.2563
568.667,0.3165,2.2542
568.833,0.3061,2.2584
569.000,0.2959,2.2593
569.167,0.2892,2.2587
569.333,0.2787,2.2646
569.500,0.2720,2.2640
569.667,0.2620,2.2632
569.833,0.2553,2.2626
570.000,0.2483,2.2654
570.167,0.2380,2.2679
570.333,0.2380,2.2679
570.500,0.2380,2.2679
570.667,0.2327,2.2708
570.833,0.2309,2.2724
571.000,0.2273,2.2755
571.167,0.2287,2.2790
571.333,0.2288,2.2773
571.500,0.2288,2.2773
571.667,0.2288,2.2773
571.833,0.2288,2.2773
572.000,0.2288,2.2773
572.167,0.2288,2.2773
572.333,0.2288,2.2773
572.500,0.2288,2.2773
572.667,0.2288,2.2773
572.833,0.2288,2.2773
573.000,0.2288,2.2773
573.167,0.2288,2.2773
573.333,0.2287,2.2790
573.500,0.2287,2.2790
573.667,0.2288,2.2773
573.833,0.2288,2.2773
574.000,0.2287,2.2790
574.167,0.2287,2.2790
574.333,0.2287,2.2790
574.500,0.2288,2.2773
574.667,0.2288,2.2773
574.833,0.2288,2.2773
575.000,0.2288,2.2773
575.167,0.2287,2.2790
575.333,0.2287,2.2790
575.500,0.2287,2.2790
575.667,0.2287,2.2790
575.833,0.2287,2.2790
576.000,0.2287,2.2790
576.167,0.2287,2.2790
576.333,0.2287,2.2790
576.500,0.2288,2.2773
576.667,0.2288,2.2773
576.833,0.2288,2.2773
577.000,0.2288,2.2773
577.167,0.2288,2.2773
577.333,0.2288,2.2773
577.500,0.2288,2.2773
577.667,0.2287,2.2790
577.833,0.2287,2.2790
578.000,0.2287,2.2790
578.167,0.2287,2.2790
578.333,0.2287,2.2790
578.500,0.2288,2.2773
578.667,0.2288,2.2773
578.833,0.2288,2.2773
579.000,0.2288,2.2773
579.167,0.2288,2.2773
579.333,0.2288,2.2773
579.500,0.2288,2.2773
579.667,0.2287,2.2790
579.833,0.2287,2.2790
580.000,0.2288,2.2773
580.167,0.2288,2.2773
580.333,0.2288,2.2773
580.500,0.2287,2.2790
580.667,0.2287,2.2790
580.833,0.2287,2.2790
581.000,0.2287,2.2790
581.167,0.2287,2.2790
581.333,0.2288,2.2773
581.500,0.2288,2.2773
581.667,0.2288,2.2773
581.833,0.2288,2.2773
582.000,0.2287,2.2790
582.167,0.2287,2.2790
582.333,0.2287,2.2790
582.500,0.2288,2.2773
582.667,0.2288,2.2773
582.833,0.2287,2.2790
583.000,0.2287,2.2790
583.167,0.2287,2.2790
583.333,0.2287,2.2790
583.500,0.2287,2.2790
583.667,0.2288,2.2773
583.833,0.2288,2.2773
584.000,0.2288,2.2773
584.167,0.2288,2.2773
584.333,0.2288,2.2773
584.500,0.2287,2.2790
584.667,0.2287,2.2790
584.833,0.2287,2.2790
585.000,0.2287,2.2790
585.167,0.2288,2.2773
585.333,0.2288,2.2773
585.500,0.2288,2.2773
585.667,0.2287,2.2790
585.833,0.2287,2.2790
586.000,0.2287,2.2790
586.167,0.2287,2.2790
586.333,0.2287,2.2790
586.500,0.2287,2.2790
586.667,0.2287,2.2790
586.833,0.2287,2.2790
587.000,0.2287,2.2790
587.167,0.2287,2.2790
587.333,0.2287,2.2790
587.500,0.2287,2.2790
587.667,0.2287,2.2790
587.833,0.2287,2.2790
588.000,0.2287,2.2790
588.167,0.2287,2.2790
588.333,0.2287,2.2790
588.500,0.2287,2.2790
588.667,0.2287,2.2790
588.833,0.2287,2.2790
589.000,0.2287,2.2790
589.167,0.2287,2.2790
589.333,0.2287,2.2790
589.500,0.2287,2.2790
589.667,0.2287,2.2790
589.833,0.2287,2.2790
590.000,0.2287,2.2790
590.167,0.2287,2.2790
590.333,0.2287,2.2790
590.500,0.2287,2.2790
590.667,0.2287,2.2790
590.833,0.2288,2.2773
591.000,0.2288,2.2773
591.167,0.2288,2.2773
591.333,0.2288,2.2773
591.500,0.2288,2.2773
591.667,0.2288,2.2773
591.833,0.2288,2.2773
592.000,0.2287,2.2790
592.167,0.2287,2.2790
592.333,0.2287,2.2790
592.500,0.2287,2.2790
592.667,0.2303,2.2791
592.833,0.2284,2.2823
593.000,0.2281,2.2857
593.167,0.2295,2.2892
593.333,0.2276,2.2924
593.500,0.2242,2.2921
593.667,0.2238,2.2972
593.833,0.2220,2.2987
594.000,0.2202,2.3002
594.167,0.2185,2.3001
594.333,0.2164,2.3050
594.500,0.2131,2.3047
594.667,0.2096,2.3061
594.833,0.2060,2.3092
595.333,0.2025,2.3106
595.500,0.1990,2.3120
595.667,0.1972,2.3135
595.833,0.1923,2.3114
596.000,0.1935,2.2980
596.167,0.1978,2.2662
596.500,0.2113,2.2047
596.833,0.2292,2.1318
597.167,0.2434,2.0620
597.333,0.2511,2.0306
597.500,0.2574,1.9956
597.667,0.2598,1.9873
597.833,0.2614,1.9875
598.000,0.2655,1.9591
598.167,0.2754,1.9211
598.333,0.2843,1.8948
598.500,0.2927,1.8550
598.667,0.3019,1.8253
598.833,0.3095,1.7939
599.000,0.3214,1.7527
599.167,0.3303,1.7264
599.333,0.3414,1.6936
599.500,0.3510,1.6589
599.667,0.3573,1.6240
599.833,0.3668,1.5911
600.000,0.3712,1.5577
600.167,0.3790,1.5247
600.333,0.3836,1.4896
600.500,0.3907,1.4649
600.667,0.4002,1.4118
600.833,0.4088,1.3687
601.000,0.4166,1.3356
601.167,0.4261,1.3027
601.500,0.4437,1.2317
601.667,0.4510,1.2054
601.833,0.4586,1.1740
602.000,0.4699,1.1396
602.167,0.4831,1.1020
602.333,0.4958,1.0694
602.500,0.5118,1.0387
602.667,0.5214,1.0041
602.833,0.5359,0.9717
603.000,0.5431,0.9453
603.167,0.5560,0.9111
603.333,0.5652,0.8815
603.500,0.5736,0.8604
603.667,0.5824,0.8359
603.833,0.5890,0.8162
604.000,0.5972,0.7984
604.167,0.6054,0.7806
604.333,0.6095,0.7725
604.500,0.6139,0.7594
604.667,0.6217,0.7466
604.833,0.6222,0.7399
605.000,0.6278,0.7336
605.167,0.6339,0.7207
605.333,0.6376,0.7159
605.500,0.6401,0.7060
605.667,0.6439,0.7013
605.833,0.6512,0.6935
606.000,0.6517,0.6885
606.167,0.6558,0.6787
606.333,0.6615,0.6708
606.500,0.6653,0.6660
606.667,0.6693,0.6580
606.833,0.6730,0.6532
607.000,0.6732,0.6515
607.167,0.6750,0.6500
607.333,0.6783,0.6503
607.500,0.6789,0.6436
607.667,0.6823,0.6422
607.833,0.6821,0.6455
608.000,0.6853,0.6475
608.167,0.6869,0.6476
608.333,0.6869,0.6476
608.500,0.6869,0.6476
608.667,0.6869,0.6476
608.833,0.6869,0.6476
609.167,0.6953,0.6482
609.333,0.6969,0.6484
609.500,0.7021,0.6471
609.833,0.7072,0.6458
610.000,0.7086,0.6493
610.167,0.7108,0.6428
610.333,0.7142,0.6430
610.500,0.7178,0.6399
610.667,0.7194,0.6401
610.833,0.7211,0.6402
611.000,0.7247,0.6371
611.167,0.7285,0.6324
611.333,0.7303,0.6309
611.500,0.7307,0.6258
611.667,0.7307,0.6258
611.833,0.7325,0.6243
612.000,0.7346,0.6194
612.167,0.7333,0.6143
612.333,0.7255,0.6070
612.500,0.6386,0.6035
612.667,0.6101,0.6029
612.833,0.5763,0.6053
613.000,0.5508,0.6100
613.167,0.5139,0.6105
613.333,0.4953,0.6124
613.500,0.4951,0.6141
613.667,0.4938,0.6106
613.833,0.4502,0.6105
614.000,0.4251,0.6102
614.167,0.3966,0.6097
614.333,0.3767,0.6081
614.500,0.3549,0.6081
614.667,0.3416,0.6070
614.833,0.3216,0.6055
615.000,0.3083,0.6044
615.667,0.2654,0.5977
616.000,0.2454,0.5961
616.333,0.2306,0.5933
616.500,0.2205,0.5942
616.833,0.2058,0.5896
617.167,0.1892,0.5883
617.500,0.1759,0.5873
617.667,0.1726,0.5870
617.833,0.1729,0.5837
618.167,0.1665,0.5799
618.333,0.1668,0.5765
618.500,0.1669,0.5749
618.667,0.1669,0.5749
618.833,0.1671,0.5732
619.000,0.1671,0.5732
619.167,0.1669,0.5749
619.333,0.1671,0.5732
619.500,0.1639,0.5713
619.667,0.1673,0.5699
619.833,0.1660,0.5664
620.000,0.1644,0.5646
620.167,0.1646,0.5629
620.333,0.1615,0.5594
620.500,0.1617,0.5577
620.667,0.1601,0.5559
620.833,0.1572,0.5506
621.000,0.1556,0.5505
621.167,0.1524,0.5486
621.333,0.1510,0.5451
621.500,0.1477,0.5449
621.667,0.1429,0.5428
621.833,0.1398,0.5392
622.000,0.1395,0.5426
622.167,0.1330,0.5404
622.333,0.1330,0.5404
622.500,0.1280,0.5400
622.667,0.1262,0.5415
623.000,0.1210,0.5445
623.167,0.1189,0.5493
623.333,0.1200,0.5561
623.500,0.1241,0.5665
623.667,0.1283,0.5769
623.833,0.1291,0.5870
624.000,0.1352,0.5942
624.167,0.1360,0.6043
624.333,0.1407,0.6080
624.500,0.1392,0.6062
624.667,0.1406,0.6097
624.833,0.1432,0.6182
625.000,0.1460,0.6252
625.667,0.1581,0.6596
626.000,0.1639,0.6702
626.667,0.1623,0.6700
626.833,0.1620,0.6734
627.000,0.1620,0.6734
627.167,0.1632,0.6785
627.333,0.1611,0.6834
627.500,0.1578,0.6831
627.667,0.1525,0.6860
627.833,0.1525,0.6860
628.333,0.1435,0.6937
628.500,0.1435,0.6937
628.667,0.1399,0.6968
628.833,0.1415,0.6986
629.000,0.1394,0.7034
629.167,0.1391,0.7068
629.333,0.1388,0.7101
629.500,0.1354,0.7115
629.833,0.1816,0.7185
630.000,0.2183,0.7197
630.167,0.2520,0.7174
630.500,0.3141,0.7156
630.833,0.3761,0.7154
631.000,0.3977,0.7171
631.167,0.4148,0.7134
631.500,0.4531,0.7165
631.667,0.4682,0.7160
631.833,0.4715,0.7162
632.000,0.4733,0.7147
632.167,0.4850,0.7156
632.333,0.5000,0.7168
632.500,0.5100,0.7176
632.667,0.5183,0.7183
632.833,0.5267,0.7189
633.000,0.5317,0.7193
633.167,0.5415,0.7218
633.500,0.5565,0.7229
633.667,0.5664,0.7254
633.833,0.5730,0.7259
634.833,0.6092,0.7355
635.167,0.6125,0.7358
635.333,0.6142,0.7359
635.500,0.6125,0.7358
635.667,0.6125,0.7358
635.833,0.6125,0.7358
636.167,0.6125,0.7358
636.333,0.6125,0.7358
636.667,0.6125,0.7358
636.833,0.6125,0.7358
637.000,0.6146,0.7309
637.167,0.6129,0.7308
637.500,0.6167,0.7260
637.667,0.6171,0.7210
637.833,0.6172,0.7193
638.000,0.6207,0.7179
638.167,0.6228,0.7131
638.333,0.6246,0.7115
638.500,0.6280,0.7101
638.667,0.6280,0.7101
638.833,0.6317,0.7070
639.000,0.6335,0.7055
639.167,0.6353,0.7040
639.333,0.6386,0.7042
639.500,0.6424,0.6995
639.667,0.6422,0.7012
639.833,0.6474,0.6999
640.000,0.6517,0.7086
640.167,0.6513,0.7136
640.333,0.6543,0.7172
640.500,0.6533,0.7289
640.667,0.6521,0.7439
640.833,0.6534,0.7491
641.000,0.6534,0.7491
641.167,0.6535,0.7474
641.333,0.6515,0.7506
641.500,0.6510,0.7573
641.667,0.6503,0.7656
641.833,0.6498,0.7723
642.000,0.6507,0.7808
642.167,0.6499,0.7908
642.333,0.6493,0.7975
642.500,0.6471,0.8040
642.667,0.6498,0.8126
642.833,0.6491,0.8210
643.000,0.6470,0.8259
643.167,0.6485,0.8277
643.333,0.6487,0.8260
643.500,0.6487,0.8260
643.667,0.6487,0.8260
644.167,0.6496,0.8345
644.500,0.6509,0.8396
644.667,0.6527,0.8381
644.833,0.6558,0.8417
645.000,0.6591,0.8419
645.167,0.6606,0.8437
645.333,0.6641,0.8423
645.500,0.6688,0.8461
645.667,0.6720,0.8480
645.833,0.6736,0.8498
646.000,0.6734,0.8515
646.167,0.6750,0.8533
646.333,0.6780,0.8569
646.500,0.6794,0.8604
646.667,0.6794,0.8604
646.833,0.6809,0.8622
647.000,0.6805,0.8672
647.167,0.6837,0.8691
647.333,0.6832,0.8758
647.500,0.6712,0.8782
647.667,0.6392,0.8790
647.833,0.5978,0.8724
648.000,0.5645,0.8697
648.167,0.5279,0.8651
648.500,0.4614,0.8582
648.667,0.4298,0.8557
648.833,0.4214,0.8550
649.000,0.4214,0.8550
649.167,0.4198,0.8549
649.333,0.4030,0.8552
649.500,0.3762,0.8548
649.667,0.3512,0.8528
649.833,0.3312,0.8512
650.000,0.3161,0.8517
650.333,0.2909,0.8530
650.500,0.2774,0.8536
650.667,0.2641,0.8526
650.833,0.2574,0.8520
651.000,0.2491,0.8514
651.167,0.2375,0.8504
651.333,0.2308,0.8499
651.500,0.2242,0.8494
651.833,0.2075,0.8481
652.167,0.1923,0.8502
652.333,0.1840,0.8496
652.667,0.1656,0.8498
652.833,0.1654,0.8514
653.000,0.1621,0.8512
653.333,0.1552,0.8540
653.500,0.1552,0.8540
653.667,0.1552,0.8540
653.833,0.1552,0.8540
654.000,0.1552,0.8540
654.167,0.1552,0.8540
654.333,0.1552,0.8540
654.500,0.1552,0.8540
654.667,0.1552,0.8540
654.833,0.1552,0.8540
655.000,0.1571,0.8508
655.167,0.1571,0.8508
655.333,0.1574,0.8474
655.667,0.1561,0.8423
655.833,0.1549,0.8372
656.000,0.1566,0.8373
656.167,0.1549,0.8372
656.333,0.1521,0.8302
656.500,0.1521,0.8302
656.667,0.1494,0.8233
656.833,0.1459,0.8247
657.000,0.1429,0.8211
657.167,0.1412,0.8210
657.333,0.1364,0.8189
657.500,0.1365,0.8173
657.667,0.1300,0.8151
657.833,0.1318,0.8135
658.000,0.1283,0.8149
658.167,0.1250,0.8147
658.333,0.1202,0.8126
658.500,0.1200,0.8143
658.667,0.1132,0.8154
658.833,0.1118,0.8119
659.000,0.1093,0.8218
659.167,0.1107,0.8253
659.333,0.1092,0.8235
659.500,0.1092,0.8235
659.667,0.1103,0.8303
659.833,0.1143,0.8423
660.167,0.1209,0.8630
660.333,0.1254,0.8701
660.500,0.1280,0.8787
660.667,0.1307,0.8856
661.000,0.1363,0.8995
661.167,0.1406,0.9082
661.333,0.1432,0.9168
661.500,0.1476,0.9239
661.667,0.1484,0.9340
662.000,0.1523,0.9477
662.167,0.1522,0.9494
662.333,0.1523,0.9477
662.500,0.1523,0.9477
662.667,0.1523,0.9477
662.833,0.1537,0.9512
663.000,0.1534,0.9546
663.167,0.1548,0.9580
663.333,0.1546,0.9597
663.500,0.1509,0.9644
663.667,0.1476,0.9642
663.833,0.1474,0.9658
664.000,0.1423,0.9671
664.167,0.1404,0.9703
664.333,0.1387,0.9702
664.500,0.1384,0.9735
664.667,0.1330,0.9781
664.833,0.1348,0.9766
665.000,0.1311,0.9813
665.167,0.1306,0.9863
665.333,0.1287,0.9895
665.667,0.1796,1.0020
666.000,0.2482,1.0024
666.167,0.2815,1.0051
666.333,0.3181,1.0080
666.500,0.3548,1.0110
666.667,0.3881,1.0136
666.833,0.4081,1.0152
667.000,0.4381,1.0176
667.167,0.4564,1.0191
667.667,0.5102,1.0184
667.833,0.5102,1.0184
668.167,0.5184,1.0207
668.500,0.5452,1.0212
668.667,0.5552,1.0220
668.833,0.5653,1.0211
669.000,0.5720,1.0216
669.167,0.5787,1.0222
669.333,0.5888,1.0213
669.500,0.5973,1.0203
669.667,0.6056,1.0210
669.833,0.6090,1.0212
670.000,0.6207,1.0222
670.167,0.6275,1.0210
670.333,0.6392,1.0220
670.500,0.6460,1.0208
670.667,0.6476,1.0210
670.833,0.6528,1.0197
671.000,0.6561,1.0199
671.167,0.6563,1.0183
671.333,0.6564,1.0166
671.500,0.6564,1.0166
671.667,0.6581,1.0167
671.833,0.6581,1.0167
672.000,0.6599,1.0152
672.333,0.6603,1.0102
672.500,0.6606,1.0068
673.167,0.6664,0.9972
673.333,0.6729,0.9994
673.500,0.6775,1.0048
673.667,0.6842,1.0054
673.833,0.6874,1.0073
674.000,0.6937,1.0129
674.167,0.6998,1.0201
674.333,0.7059,1.0273
674.500,0.7108,1.0294
674.667,0.7186,1.0367
675.000,0.7277,1.0492
675.167,0.7325,1.0513
675.333,0.7306,1.0545
675.667,0.7388,1.0569
675.833,0.7403,1.0587
676.000,0.7437,1.0589
676.167,0.7505,1.0578
676.333,0.7494,1.0510
676.500,0.7540,1.0564
676.667,0.7602,1.0619
676.833,0.7633,1.0656
677.000,0.7632,1.0672
677.167,0.7632,1.0672
677.333,0.7664,1.0692
677.500,0.7693,1.0744
677.667,0.7721,1.0814
678.000,0.7745,1.0934
678.167,0.7767,1.1070
678.333,0.7796,1.1123
678.667,0.7789,1.1207
678.833,0.7787,1.1240
679.000,0.7782,1.1290
679.167,0.7780,1.1324
679.333,0.7798,1.1309
679.500,0.7762,1.1339
679.667,0.7745,1.1338
679.833,0.7727,1.1353
680.000,0.7707,1.1386
680.167,0.7691,1.1384
680.333,0.7671,1.1416
680.500,0.7675,1.1366
680.667,0.7675,1.1366
680.833,0.7673,1.1400
681.000,0.7656,1.1398
681.167,0.7674,1.1383
681.333,0.7656,1.1398
681.500,0.7675,1.1366
681.667,0.7675,1.1366
681.833,0.7674,1.1383
682.000,0.7709,1.1369
682.167,0.7742,1.1371
682.333,0.7778,1.1341
682.500,0.7812,1.1343
682.667,0.7863,1.1331
682.833,0.7849,1.1296
683.000,0.7883,1.1299
683.167,0.7950,1.1304
683.333,0.7916,1.1301
683.500,0.7947,1.1337
683.667,0.7983,1.1307
683.833,0.7998,1.1325
684.000,0.8065,1.1330
684.167,0.8048,1.1329
684.333,0.8114,1.1351
684.500,0.8131,1.1352
684.667,0.8213,1.1376
684.833,0.8196,1.1374
685.000,0.8195,1.1391
685.333,0.8288,1.1483
685.500,0.8273,1.1465
685.667,0.8285,1.1516
685.833,0.8285,1.1516
686.000,0.8285,1.1516
686.167,0.8287,1.1499
686.333,0.8299,1.1551
686.500,0.8312,1.1603
686.833,0.8343,1.1639
687.000,0.8357,1.1674
687.167,0.8202,1.1712
687.333,0.7850,1.1700
687.833,0.6836,1.1551
688.000,0.6491,1.1456
688.167,0.6157,1.1429
688.333,0.5875,1.1390
688.500,0.5459,1.1339
688.667,0.5125,1.1313
688.833,0.4807,1.1304
689.000,0.4525,1.1264
689.167,0.4308,1.1247
689.500,0.3872,1.1245
689.667,0.3639,1.1227
689.833,0.3504,1.1233
690.000,0.3353,1.1237
690.167,0.3235,1.1245
690.333,0.3118,1.1235
690.500,0.3000,1.1243
690.667,0.2947,1.1272
690.833,0.2831,1.1263
691.000,0.2798,1.1260
691.167,0.2698,1.1252
691.500,0.2527,1.1289
691.667,0.2444,1.1282
691.833,0.2324,1.1306
692.000,0.2258,1.1301
692.167,0.2191,1.1295
692.500,0.2107,1.1305
692.667,0.2055,1.1318
692.833,0.2022,1.1315
693.167,0.1950,1.1377
693.333,0.1965,1.1395
693.500,0.1979,1.1429
693.833,0.1962,1.1428
694.000,0.1962,1.1428
694.167,0.1962,1.1428
694.333,0.1962,1.1428
694.500,0.1962,1.1428
694.667,0.1962,1.1428
694.833,0.1962,1.1428
695.000,0.1962,1.1428
695.167,0.1962,1.1428
695.333,0.1962,1.1428
695.500,0.1962,1.1428
695.667,0.1962,1.1428
695.833,0.1962,1.1428
696.000,0.1962,1.1428
696.167,0.1962,1.1428
696.333,0.1962,1.1428
696.500,0.1962,1.1428
696.667,0.1962,1.1428
696.833,0.1962,1.1428
697.000,0.1962,1.1428
697.167,0.1962,1.1428
697.333,0.1962,1.1428
697.500,0.1962,1.1428
697.667,0.1962,1.1428
697.833,0.1962,1.1428
698.000,0.1962,1.1428
698.167,0.1962,1.1428
